SampN,As,Au,Cu,Mo,bn_ppm,cp_ppm,cc_ppm,cv_ppm,en_ppm,py_ppm,po_ppm,mb_ppm,ga_ppm,sp_ppm,TS_ppm,Rock,Alteration
82752,50,0.03,0.18,5,0,6000,0,0,0,24000,0,0,0,0,30000,QMD,PHY
48372,50,0.03,1.53,31,0,26000,0,0,0,14000,0,0,0,0,40000,VA,IAA
13724,23.1,0.02,0.13,7.62,0,1750,0,0,0,33250,0,0,0,0,35000,QMD,AAA
53339,50,0.05,0.98,61,0,27000,0,0,0,3000,0,0,0,0,30000,VA,PRO
78323,77.75,0.03,0.05,4.43,0,0,0,0,0,10000,0,0,0,0,10000,QMD,PHY
63654,110,0.11,1.01,265,3000,21000,0,0,0,6000,0,0,0,0,30000,QMD,PHY
33751,50,0.15,3.68,32,13500,27000,0,0,0,4500,0,0,0,0,45000,VA,IAA
13335,10,0.02,0.11,47.5,0,1250,0,0,0,23750,0,0,0,0,25000,QMD,PHY
85002,140,1.46,0.82,15,0,7000,0,0,0,3000,0,0,0,0,10000,VA,PHY
23722,45.3,0.03,0.06,6.3,0,3000,0,0,0,12000,0,0,0,0,15000,QMD,UAL
57573,50,0.05,1.34,42,10000,0,0,0,0,0,0,0,0,0,10000,VA,IAA
12098,6.9,0.32,0.6,10.15,600,8000,0,0,0,10800,0,600,0,0,20000,QMD,PTS
54558,50,0.02,0.17,29,0,6000,0,0,0,14000,0,0,0,0,20000,IGN,AAA
79697,564.4,0.04,0.3,98,10000,10000,0,0,0,80000,0,0,0,0,100000,QMD,PRO
53779,50,0.01,1.57,21,4000,24000,0,0,0,12000,0,0,0,0,40000,VA,IAA
57582,50,0.07,1.43,70,0,20000,0,0,0,80000,0,0,0,0,100000,VA,IAA
68181,350,0.03,1.73,43,6000,0,0,0,3000,21000,0,0,0,0,30000,IGN,AAA
77441,29.18,0.02,0.05,9.19,0,500,500,0,0,49000,0,0,0,0,50000,QMD,PHY
77733,169.5,0.54,0.48,91.4,0,3000,0,0,0,17000,0,0,0,0,20000,QMD,PHY
33909,50,0.53,0.87,99,0,21000,0,0,0,9000,0,0,0,0,30000,QMD,PHY
80377,9.65,0.01,0.04,7.03,0,16000,0,0,0,64000,0,0,0,0,80000,QMD,PHY
78525,369.5,0.02,0.24,9.31,0,20250,0,0,0,24750,0,0,0,0,45000,QMD,PHY
55418,50,0.08,1.66,31,4000,32000,0,0,0,4000,0,0,0,0,40000,QMD,AAA
54208,50,0.02,0.61,35,0,24000,0,0,0,16000,0,0,0,0,40000,VA,IAA
76090,50,0.03,0.33,33,0,6000,0,0,0,24000,0,0,0,0,30000,QMD,AAA
27118,50,0.06,1.33,18,0,24000,0,0,0,6000,0,0,0,0,30000,QMD,IAA
84882,120,0.03,0.72,31,0,16000,0,0,0,24000,0,0,0,0,40000,IGN,IAA
26890,1330,0.03,1.09,175,6000,18000,0,0,0,36000,0,0,0,0,60000,IGN,IAA
12845,8.2,0.03,0.21,140,0,9000,0,0,0,21000,0,0,0,0,30000,QMD,PHY
70606,50,0.07,1.64,18,15000,0,0,0,0,35000,0,0,0,0,50000,QMD,PHY
68821,50,0.05,1.16,81,7500,10000,0,0,0,7500,0,0,0,0,25000,VA,PRO
47039,50,0.06,0.53,165,0,15000,0,0,0,35000,0,0,0,0,50000,VA,PRO
45005,50,0.16,0.57,33,0,12000,0,0,0,28000,0,0,0,0,40000,QMD,PHY
46901,500,0.03,1.07,53,6000,6000,0,0,0,48000,0,0,0,0,60000,IGN,IAA
57938,50,0.48,0.54,11,0,12000,0,0,0,28000,0,0,0,0,40000,QMD,PHY
46632,50,0.07,0.91,51,0,15000,0,0,0,15000,0,0,0,0,30000,VA,IAA
52907,50,0.01,1.07,5,0,27000,0,0,0,3000,0,0,0,0,30000,VA,PRO
23196,156.5,0.31,0.05,9.71,0,0,0,0,0,20000,0,0,0,0,20000,QMD,PHY
68233,220,0.03,1.95,72,16000,0,0,0,0,24000,0,0,0,0,40000,VA,AAA
67437,2630,0.07,3.18,97,26000,0,9750,0,6500,22750,0,0,0,0,65000,IGN,AAA
16636,5.8,0.01,0.06,1.65,0,5250,0,0,0,9750,0,0,0,0,15000,QMD,PHY
13377,103.5,0.11,0.16,8.14,0,3000,0,0,0,27000,0,0,0,0,30000,QMD,PHY
32966,50,0.04,1,48,12000,8000,0,0,0,0,0,0,0,0,20000,VA,PRO
30906,50,0.1,0.71,245,0,12000,0,0,0,8000,0,0,0,0,20000,IGN,PHY
26936,50,0.03,0.62,57,0,20000,0,0,0,20000,0,0,0,0,40000,IGN,IAA
30015,360,0.06,0.16,145,0,12000,0,0,0,28000,0,0,0,0,40000,QMD,AAA
48086,50,1.47,6.28,5,63000,7000,0,0,0,0,0,0,0,0,70000,VA,PRO
79962,44.53,0.01,0.03,7.87,0,0,0,0,0,10000,0,0,0,0,10000,INTR,AAA
34113,310,0.01,0.56,52,0,0,3000,0,0,27000,0,0,0,0,30000,IGN,AAA
31995,50,0.05,1.98,22,0,32000,0,0,0,8000,0,0,0,0,40000,VA,IAA
79746,525.4,0.03,0.17,16.17,7500,7500,0,0,0,135000,0,0,0,0,150000,QMD,PRO
85644,50,0.05,0.37,20,0,7000,0,0,0,3000,0,0,0,0,10000,QMD,PHY
34688,50,0.05,0.46,115,0,8000,0,0,0,12000,0,0,0,0,20000,IGN,IAA
69775,50,0.09,0.99,13,12000,1500,0,0,0,1500,0,0,0,0,15000,VA,PRO
25089,780,0.03,0.67,93,10000,0,5000,0,0,35000,0,0,0,0,50000,IGN,AAA
13264,15.1,0.29,0.23,66.3,0,14400,0,0,0,15000,0,600,0,0,30000,QMD,PHY
12992,2.2,0.11,0.55,51.3,0,16000,0,0,0,4000,0,0,0,0,20000,QMD,PHY
86086,50,0.05,0.73,285,2500,2500,0,0,0,0,0,0,0,0,5000,VA,PRO
82564,50,0.14,3.43,23,10000,35000,0,5000,0,0,0,0,0,0,50000,VA,IAA
76284,240,0.03,0.09,31,0,0,2500,0,0,47500,0,0,0,0,50000,IGN,AAA
56993,1200,0.03,0.71,29,18000,6000,0,0,3000,3000,0,0,0,0,30000,IGN,AAA
40300,50,0.3,0.39,61,0,8000,0,0,0,32000,0,0,0,0,40000,QMD,PHY
75390,50,0.03,0.19,99,0,8000,0,0,0,2000,0,0,0,0,10000,QMD,PHY
71315,50,0.02,0.06,10,0,0,0,0,0,30000,0,0,0,0,30000,IGN,AAA
12777,248,0.04,0.86,3.87,4500,15000,0,0,0,10500,0,0,0,0,30000,QMD,AAA
47681,50,0.03,0.34,115,0,2000,0,0,0,8000,0,0,0,0,10000,VA,PRO
36179,100,0.01,0.42,105,0,20000,0,0,0,20000,0,0,0,0,40000,IGN,AAA
29102,50,0.03,1.46,26,0,27000,0,0,0,18000,0,0,0,0,45000,IGN,IAA
46915,50,0.03,2.08,50,0,35000,0,0,0,35000,0,0,0,0,70000,IGN,IAA
79540,94.72,0.05,1.13,12.19,1500,1500,1500,7500,7500,130500,0,0,0,0,150000,QMD,AAA
58025,50,0.61,0.47,66,0,10500,0,0,0,19500,0,0,0,0,30000,QMD,PHY
13465,183,0.23,0.65,16.15,0,12250,0,0,0,22750,0,0,0,0,35000,QMD,PHY
57057,370,0.07,1.01,38,12000,8000,0,0,0,20000,0,0,0,0,40000,IGN,AAA
47086,50,0.05,0.78,14,0,20000,0,0,0,30000,0,0,0,0,50000,QMD,PHY
14196,143,0.73,0.33,83.6,0,10000,0,0,0,15000,0,0,0,0,25000,QMD,PHY
13260,11.2,0.1,0.34,153,0,10500,0,0,0,18600,0,900,0,0,30000,QMD,PHY
15859,42.9,0.18,0.08,4.11,0,6000,0,0,0,24000,0,0,0,0,30000,HBX,PHY
55416,50,0.07,0.97,315,0,45000,0,0,0,5000,0,0,0,0,50000,QMD,AAA
30011,120,0.03,0.1,105,0,12000,0,0,0,28000,0,0,0,0,40000,QMD,AAA
33805,50,0.05,0.78,5,0,2000,6000,0,0,12000,0,0,0,0,20000,VA,PRO
12386,4,0.05,0.33,33.7,0,6000,0,0,0,13600,0,400,0,0,20000,QMD,PTS
29877,50,0.04,1.22,16,0,26000,0,0,0,14000,0,0,0,0,40000,IGN,IAA
31135,50,0.05,1.46,25,0,21000,0,0,0,9000,0,0,0,0,30000,VA,IAA
67522,240,0.05,1.33,74,0,4000,0,0,0,6000,0,0,0,0,10000,VA,IAA
30453,130,0.06,1.31,70,6000,12000,0,0,0,22000,0,0,0,0,40000,VA,IAA
34275,490,0.04,0.73,180,10000,4000,0,0,0,26000,0,0,0,0,40000,QMD,AAA
40649,170,0.02,0.42,16,15000,0,0,0,0,0,0,0,0,0,15000,VA,PHY
80030,296.33,0.05,0.2,45.7,0,0,0,0,0,100000,0,0,0,0,100000,QMD,UAL
14087,16.6,0.02,0.22,66.2,0,5000,0,0,0,5000,0,0,0,0,10000,QMD,PHY
82673,180,0.02,0.94,175,6000,24000,0,0,0,0,0,0,0,0,30000,VA,IAA
37970,620,0.05,0.18,5,0,3000,0,0,6000,51000,0,0,0,0,60000,QMD,AAA
56321,130,0.17,1.91,74,0,24000,0,0,0,6000,0,0,0,0,30000,QMD,PHY
28423,2160,0.05,1.06,48,3000,3000,0,0,0,24000,0,0,0,0,30000,IGN,AAA
46611,50,0.1,2.74,24,14000,6000,0,0,0,0,0,0,0,0,20000,QMD,PRO
83700,170,0.03,0.38,59,0,12000,0,0,0,28000,0,0,0,0,40000,QMD,PHY
46836,700,0.03,1.11,81,8000,0,0,0,8000,24000,0,0,0,0,40000,IGN,AAA
16325,8.7,0.03,0.15,8.95,0,7000,0,0,0,28000,0,0,0,0,35000,QMD,PHY
57583,50,0.06,1.33,39,0,10000,0,0,0,90000,0,0,0,0,100000,VA,PRO
53484,120,0.31,0.54,69,0,20000,0,0,0,20000,0,0,0,0,40000,QMD,PHY
45826,50,0.02,0.81,46,0,24000,0,0,0,36000,0,0,0,0,60000,IGN,IAA
13140,2.8,0.03,0.18,13.7,0,7500,0,0,0,7500,0,0,0,0,15000,QMD,PTS
80346,17.7,0.03,0.12,3.86,0,20000,0,0,0,60000,0,0,0,0,80000,IGN,PHY
44547,50,0.02,0.54,84,0,10000,0,0,0,0,0,0,0,0,10000,VA,PRO
51926,50,0.03,0.46,79,2000,8000,0,0,0,10000,0,0,0,0,20000,VA,PRO
12613,15.6,0.1,0.22,6.62,0,8750,0,0,0,15500,0,750,0,0,25000,QMD,PHY
49638,50,0.01,1.31,23,0,24000,0,0,0,16000,0,0,0,0,40000,VA,AAA
28466,50,0.04,1.1,25,6000,12000,0,0,0,12000,0,0,0,0,30000,VA,IAA
58104,50,0.08,0.25,120,0,12000,0,0,0,18000,0,0,0,0,30000,QMD,PHY
36748,50,0.02,0.18,26,0,3000,0,0,0,27000,0,0,0,0,30000,BIGD,IAA
13359,139,0.64,0.2,30,0,14000,0,0,0,26000,0,0,0,0,40000,QMD,PHY
32884,50,0.03,1.64,52,0,27000,0,0,0,3000,0,0,0,0,30000,VA,IAA
30826,50,0.05,0.95,120,0,16000,0,0,0,4000,0,0,0,0,20000,IGN,PHY
14559,54.6,0.02,0.05,55.8,0,4500,0,0,0,85500,0,0,0,0,90000,IGN,AAA
37015,50,0.23,0.78,110,0,9000,0,0,0,21000,0,0,0,0,30000,QMD,PHY
69198,50,0.01,0.77,5,0,12000,0,0,0,18000,0,0,0,0,30000,VA,IAA
79087,391.7,0.17,0.18,15.28,9000,9000,0,0,0,42000,0,0,0,0,60000,QMD,PHY
29312,135,0.05,0.78,55,0,16000,0,0,0,24000,0,0,0,0,40000,VA,IAA
74455,50,0.14,1.99,165,6000,21000,0,0,0,3000,0,0,0,0,30000,VA,IAA
69888,1730,0.8,0.9,5,0,15000,0,0,0,35000,0,0,0,0,50000,QMD,PHY
18128,352,0.12,0.81,21.6,5500,13750,0,0,0,35750,0,0,0,0,55000,HBX,IAA
16853,22.2,0.07,0.13,19.7,0,3000,0,0,0,7000,0,0,0,0,10000,FLT,PHY
23359,18.05,0.01,0.77,15.15,0,0,0,0,0,3000,0,0,0,0,3000,IGN,UAL
65925,140,0.02,0.43,110,3000,0,0,0,6000,21000,0,0,0,0,30000,IGN,AAA
31632,50,0.04,0.47,75,3000,15000,0,0,0,12000,0,0,0,0,30000,VA,PRO
62864,50,0.01,2.15,10,0,40000,0,0,0,0,0,0,0,0,40000,QMD,PHY
74493,50,0.07,0.65,86,0,5000,0,0,0,45000,0,0,0,0,50000,VA,IAA
48011,50,0.08,4.33,38,48000,12000,0,0,0,0,0,0,0,0,60000,IGN,IAA
75979,110,0.05,1.72,13,0,12000,0,0,0,28000,0,0,0,0,40000,VA,IAA
69393,50,0.07,0.62,140,0,13500,0,0,0,16500,0,0,0,0,30000,QMD,PHY
39062,50,0.11,1.23,21,0,24000,0,0,0,16000,0,0,0,0,40000,QMD,PHY
30404,160,0.25,5.11,26,8000,12000,0,0,0,20000,0,0,0,0,40000,VA,IAA
16433,72,0.05,0.09,4.9,0,3000,0,0,0,27000,0,0,0,0,30000,QMD,PHY
74397,190,0.06,2.78,42,0,40000,0,0,0,10000,0,0,0,0,50000,VA,AAA
80481,237.65,0.01,0.07,5.39,10000,10000,0,0,0,80000,0,0,0,0,100000,QMD,UAL
49658,710,0.04,1.3,34,6000,0,18000,0,0,36000,0,0,0,0,60000,VA,AAA
55834,50,0.24,1.27,64,0,40000,0,0,0,0,0,0,0,0,40000,QMD,PHY
78886,29.88,0.13,0.12,6.82,0,0,0,0,0,10000,0,0,0,0,10000,QMD,PHY
65611,50,0.02,0.18,83,0,4000,0,0,0,36000,0,0,0,0,40000,VA,PRO
47347,120,0.03,0.66,335,0,21000,0,0,0,9000,0,0,0,0,30000,VA,IAA
33933,550,0.72,0.81,44,0,18000,0,0,0,42000,0,0,0,0,60000,QMD,PHY
30536,50,0.03,0.22,21,0,6000,0,0,0,14000,0,0,0,0,20000,QMD,PHY
28528,50,0.05,2.24,14,0,24000,0,0,0,6000,0,0,0,0,30000,BAD,IAA
40751,50,0.07,0.9,41,7000,2000,0,0,0,1000,0,0,0,0,10000,VA,PRO
78797,72.65,0.12,0.11,7.61,0,4000,0,0,0,36000,0,0,0,0,40000,QMD,PHY
23744,29.5,0.07,0.11,15.05,0,3500,0,0,0,31500,0,0,0,0,35000,QMD,UAL
69180,50,0.05,1.6,21,0,28000,0,0,0,12000,0,0,0,0,40000,IGN,AAA
68838,650,0.05,0.49,145,12000,0,0,0,3000,15000,0,0,0,0,30000,QMD,AAA
38494,50,0.06,2.23,10,4000,32000,0,0,0,4000,0,0,0,0,40000,VA,IAA
40743,50,0.04,0.83,55,4000,16000,0,0,0,0,0,0,0,0,20000,VA,PRO
37903,50,0.07,0.53,130,0,20000,0,0,0,20000,0,0,0,0,40000,IGN,AAA
40708,50,0.52,2.39,93,30000,20000,0,0,0,0,0,0,0,0,50000,QMD,AAA
31899,1300,0.02,0.82,76,0,0,3000,3000,0,24000,0,0,0,0,30000,IGN,AAA
49735,50,0.03,0.28,93,0,12000,0,0,0,18000,0,0,0,0,30000,VA,PRO
66180,50,0.12,1.78,5,24000,6000,0,0,0,0,0,0,0,0,30000,VA,PRO
35493,270,0.04,1.7,16,12000,4000,0,0,0,24000,0,0,0,0,40000,IGN,AAA
55631,260,0.03,0.42,5,0,5000,0,0,0,45000,0,0,0,0,50000,IGN,AAA
82577,50,0.14,2.65,65,0,40000,0,0,0,0,0,0,0,0,40000,VA,AAA
70979,50,0.09,0.92,77,0,21000,0,0,0,9000,0,0,0,0,30000,QMD,PHY
30483,50,0.01,0.68,99,4500,6000,0,0,0,19500,0,0,0,0,30000,VA,IAA
49318,50,0.23,2.99,105,12000,15000,0,0,0,3000,0,0,0,0,30000,QMD,PHY
12173,4.1,0.59,0.8,10.1,8000,12000,0,0,0,18800,0,1200,0,0,40000,QMD,PTS
77868,133,0.08,0.39,9.98,3500,3500,0,0,0,63000,0,0,0,0,70000,QMD,PHY
65709,200,0.19,0.63,41,0,18000,0,0,0,22000,0,0,0,0,40000,QMD,PHY
28495,50,0.02,0.06,23,0,3000,0,0,0,7000,0,0,0,0,10000,VA,AAA
34305,50,0.04,0.75,150,0,14000,0,0,0,6000,0,0,0,0,20000,QMD,AAA
63804,50,0.27,0.97,38,0,20000,0,0,0,20000,0,0,0,0,40000,QMD,PHY
61307,50,0.02,1.16,78,0,24000,0,0,0,6000,0,0,0,0,30000,QMD,PHY
75378,50,0.03,0.48,42,0,17500,0,0,0,7500,0,0,0,0,25000,QMD,PHY
13354,67.5,0.24,0.2,29.6,0,9000,0,0,0,21000,0,0,0,0,30000,QMD,PHY
82710,200,0.03,0.21,27,0,10000,0,0,0,10000,0,0,0,0,20000,QMD,PHY
31403,50,0.01,0.01,46,0,1000,0,0,0,9000,0,0,0,0,10000,IGN,AAA
39067,50,0.11,1.28,76,0,32000,0,0,0,8000,0,0,0,0,40000,QMD,PHY
86065,50,0.08,1.33,37,4000,6000,0,0,0,0,0,0,0,0,10000,VA,PRO
62911,50,0.12,0.68,165,0,15000,0,0,0,0,0,0,0,0,15000,FLT,PHY
59967,50,0.08,1.18,72,12000,16000,0,0,0,12000,0,0,0,0,40000,VA,PRO
12131,2.6,0.31,0.56,17.35,0,3800,0,0,0,16000,0,200,0,0,20000,QMD,PTS
53333,50,0.08,1.16,30,14137.5,14355,0,0,0,15007.5,0,0,0,0,43500,VA,PRO
30315,1830,0.04,1.37,250,9000,0,3000,0,0,18000,0,0,0,0,30000,IGN,AAA
31200,130,0.11,0.86,83,4000,4000,0,0,0,2000,0,0,0,0,10000,QMD,AAA
13007,5.6,0.07,0.56,70.2,0,12000,0,0,0,18000,0,0,0,0,30000,QMD,PHY
16862,14.9,0.05,0.09,38,0,2000,0,0,0,3000,0,0,0,0,5000,FLT,PHY
28972,25,0.01,0.4,41,0,12000,0,0,0,28000,0,0,0,0,40000,QMD,PHY
78773,26.6,0.08,0.14,8.93,0,42000,0,0,0,28000,0,0,0,0,70000,QMD,PHY
36898,50,0.03,0.13,48,0,8000,0,0,0,32000,0,0,0,0,40000,QMD,PHY
55000,50,0.04,1.22,135,0,28000,0,0,0,42000,0,0,0,0,70000,VA,IAA
47891,1120,0.07,1.55,56,12000,0,0,0,12000,36000,0,0,0,0,60000,IGN,AAA
13992,28,0.03,0.52,379,0,6000,0,0,0,44000,0,0,0,0,50000,QMD,PHY
62933,50,0.1,0.59,62,0,18000,0,0,0,12000,0,0,0,0,30000,QMD,AAA
14627,14.3,0.12,0.71,28.7,0,19250,0,0,0,15750,0,0,0,0,35000,QMD,PHY
37433,50,0.2,0.44,35,0,8000,0,0,0,12000,0,0,0,0,20000,QMD,PHY
32404,50,0.05,1.75,50,10000,2000,6000,0,0,2000,0,0,0,0,20000,VA,IAA
30110,50,0.16,0.67,235,0,15000,0,0,0,15000,0,0,0,0,30000,QMD,AAA
57173,50,0.01,0.06,95,0,3000,0,0,0,27000,0,0,0,0,30000,QMD,AAA
28615,50,0.05,1.44,270,4000,4000,0,0,0,2000,0,0,0,0,10000,VA,PRO
75311,50,0.06,1.12,13,0,28000,0,0,0,12000,0,0,0,0,40000,VA,PRO
48895,530,0.02,0.62,100,0,18000,0,0,0,42000,0,0,0,0,60000,IGN,AAA
13721,75.9,0.03,0.09,42.1,0,1500,0,0,0,28500,0,0,0,0,30000,QMD,AAA
72680,50,0.04,0.39,10,0,21000,0,0,0,9000,0,0,0,0,30000,IGN,IAA
68724,360,0.02,1.02,41,6000,0,24000,0,0,30000,0,0,0,0,60000,IGN,AAA
85582,50,0.05,0.08,12,0,0,0,0,0,10000,0,0,0,0,10000,BIGD,PHY
23753,97.3,0.03,0.04,1.51,0,2500,0,0,0,22500,0,0,0,0,25000,QMD,UAL
48390,50,0.04,1.27,21,0,21000,0,0,0,9000,0,0,0,0,30000,VA,IAA
65695,790,0.06,0.73,50,0,20000,0,0,0,20000,0,0,0,0,40000,QMD,PHY
44533,50,0.06,0.8,105,15000,0,0,0,0,0,0,0,0,0,15000,VA,PRO
43367,400,0.02,0.47,42,0,9000,0,0,0,21000,0,0,0,0,30000,IGN,AAA
37443,85,0.09,0.58,143,0,12000,0,0,0,8000,0,0,0,0,20000,QMD,PHY
23725,79.9,0.12,0.07,4.19,0,3000,0,0,0,12000,0,0,0,0,15000,FLT,UAL
55700,250,0.05,0.36,27,0,6000,0,0,0,54000,0,0,0,0,60000,IGN,AAA
79094,519.05,0.04,0.21,6.5,9000,9000,0,0,0,42000,0,0,0,0,60000,QMD,PHY
59927,50,0.16,2.1,12,22500,2500,0,0,0,0,0,0,0,0,25000,VA,PRO
69890,190,0.77,0.46,10,0,9000,0,0,0,21000,0,0,0,0,30000,QMD,PHY
80731,4.67,0.01,0.03,40.75,0,1000,0,0,0,9000,0,0,0,0,10000,QMD,PHY
39131,50,0.07,0.17,5,0,12000,0,0,0,8000,0,0,0,0,20000,BIGD,PHY
30314,3660,0.04,1.38,365,9000,0,3000,0,0,18000,0,0,0,0,30000,IGN,AAA
33207,430,0.05,1.97,5,0,28000,0,0,0,12000,0,0,0,0,40000,IGN,IAA
75411,50,0.02,0.06,53,0,9000,0,0,0,1000,0,0,0,0,10000,QMD,PHY
12055,14,0.08,0.21,37.8,0,2000,0,0,0,18000,0,0,0,0,20000,QMD,PTS
64418,50,0.18,1.18,95,35000,10000,0,0,0,5000,0,0,0,0,50000,QMD,PHY
83144,210,1.07,0.7,67,0,15000,0,0,0,35000,0,0,0,0,50000,QMD,PHY
49753,50,0.04,0.24,67,0,4000,0,0,0,16000,0,0,0,0,20000,VA,PRO
72109,430,0.05,1.32,17,9000,0,0,0,4500,31500,0,0,0,0,45000,IGN,AAA
85607,50,0.2,0.85,48,0,21000,0,0,0,9000,0,0,0,0,30000,QMD,PHY
59968,100,0.05,0.92,58,12000,6000,0,0,0,12000,0,0,0,0,30000,VA,PRO
23610,8.29,0.05,0.12,2.35,0,26000,0,0,0,12000,0,2000,0,0,40000,QMD,PRO
48427,50,0.04,1.25,68,0,32000,0,0,0,8000,0,0,0,0,40000,QMD,PHY
67094,140,0.08,1.36,66,0,20000,0,0,0,5000,0,0,0,0,25000,QMD,PHY
69958,110,0.04,0.54,37,0,4000,0,0,0,16000,0,0,0,0,20000,FLT,PRO
23720,26.5,0.04,0.07,3.83,0,0,0,0,0,5000,0,0,0,0,5000,FLT,UAL
36467,140,0.04,0.77,38,0,27000,0,0,0,3000,0,0,0,0,30000,IGN,IAA
24930,12,0.07,0.2,7.42,0,12000,0,0,0,48000,0,0,0,0,60000,QMD,PHY
47829,100,0.02,0.46,5,4000,20000,0,0,0,16000,0,0,0,0,40000,IGN,AAA
78963,9.26,0.01,0.01,3.65,0,500,0,0,0,9500,0,0,0,0,10000,QMD,PRO
23230,17.6,0.27,0.64,36.8,0,12000,0,0,0,48000,0,0,0,0,60000,VA,PHY
86104,490,0.09,0.63,155,0,18000,0,0,0,12000,0,0,0,0,30000,VA,PRO
48434,50,0.01,0.71,205,0,21000,0,0,0,9000,0,0,0,0,30000,QMD,PHY
37969,470,0.04,0.13,32,0,3000,0,0,6000,51000,0,0,0,0,60000,QMD,AAA
15501,50.4,0.25,0.63,44.2,0,14000,0,0,0,20300,0,700,0,0,35000,QMD,PHY
69250,50,0.07,1.1,5,12000,12000,0,0,0,6000,0,0,0,0,30000,QMD,AAA
46222,50,0.11,1.33,42,0,24000,0,0,0,6000,0,0,0,0,30000,QMD,PHY
76396,50,0.13,1.67,21,24000,6000,0,0,0,0,0,0,0,0,30000,VA,IAA
33814,50,0.08,1.26,205,0,27000,0,0,0,3000,0,0,0,0,30000,VA,PRO
31248,50,0.05,2.06,170,6000,8000,0,0,0,6000,0,0,0,0,20000,VA,PRO
63603,50,0.07,3.56,16,0,30000,0,0,0,20000,0,0,0,0,50000,VA,IAA
76436,50,0.03,1.06,52,12000,9000,0,0,0,9000,0,0,0,0,30000,VA,PRO
35165,50,0.04,0.72,100,0,18000,0,0,0,2000,0,0,0,0,20000,QMD,PHY
46718,50,0.17,0.07,5,0,4000,0,0,0,36000,0,0,0,0,40000,QMD,PHY
26964,50,0.05,0.87,155,0,18000,0,0,0,12000,0,0,0,0,30000,VA,IAA
72773,50,0.02,0.86,45,4000,4000,0,0,0,2000,0,0,0,0,10000,VA,PRO
55868,50,0.11,0.29,5,0,0,0,0,0,20000,0,0,0,0,20000,BIGD,PHY
32422,50,0.05,3.14,24,12000,6000,9000,0,0,3000,0,0,0,0,30000,VA,IAA
58504,50,0.06,0.97,23,0,17500,0,0,0,32500,0,0,0,0,50000,HBX,PHY
55049,50,0.06,1.23,81,0,27500,0,0,0,27500,0,0,0,0,55000,VA,IAA
29509,50,0.06,1.16,30,0,14000,0,0,0,6000,0,0,0,0,20000,IGN,IAA
18276,46.8,0.09,0.85,7.43,5000,14000,0,0,0,30000,0,1000,0,0,50000,HBX,PHY
36424,50,0.05,0.73,26,4000,16000,0,0,0,20000,0,0,0,0,40000,IGN,AAA
43488,50,0.28,0.5,71,0,12000,0,0,0,18000,0,0,0,0,30000,QMD,PHY
48808,50,0.06,4.63,3730,0,32000,0,0,0,48000,0,0,0,0,80000,IGN,AAA
25083,955,0.04,0.75,75,8000,0,4000,0,0,28000,0,0,0,0,40000,IGN,AAA
39101,50,0.11,0.36,33,0,10000,0,0,0,10000,0,0,0,0,20000,QMD,PHY
15856,39.9,0.3,0.2,6.87,0,8750,0,0,0,16250,0,0,0,0,25000,HBX,PHY
17363,79.3,1.81,0.16,7.98,0,9000,0,0,0,19500,0,1500,0,0,30000,QMD,PHY
62162,230,0.13,1.66,58,0,30000,0,0,0,0,0,0,0,0,30000,QMD,PHY
32310,270,0.05,0.71,50,0,12000,0,0,0,18000,0,0,0,0,30000,IGN,AAA
28670,50,0.07,2.19,170,0,21000,0,0,0,9000,0,0,0,0,30000,VA,PRO
12909,27.6,0.03,0.18,18.1,0,3500,0,0,0,31500,0,0,0,0,35000,QMD,PHY
15802,12.9,0.19,0.55,22.1,0,16500,0,0,0,13500,0,0,0,0,30000,HBX,PHY
78188,19.45,0.08,0.14,5.31,0,0,0,0,0,30000,0,0,0,0,30000,QMD,PHY
35023,50,0.08,2.2,5,0,24708.64,0,0,0,30891.36,0,0,0,0,55600,VA,IAA
31159,350,0.14,2.31,28,16000,16000,0,0,0,8000,0,0,0,0,40000,VA,IAA
36475,50,0.04,0.68,69,0,21000,0,0,0,39000,0,0,0,0,60000,VA,AAA
29594,25,0.05,1.03,68,0,24000,0,0,0,16000,0,0,0,0,40000,VA,IAA
23364,27.4,0.02,0.02,10.35,0,1000,0,0,0,19000,0,0,0,0,20000,IGN,AAA
31984,50,0.16,2.53,17,4000,24000,0,0,0,12000,0,0,0,0,40000,VA,IAA
80347,37.59,0.05,0.3,5.35,0,16000,0,0,0,64000,0,0,0,0,80000,QMD,PHY
30023,290,0.41,0.51,165,0,20000,0,0,0,20000,0,0,0,0,40000,QMD,AAA
14625,36,0.12,0.42,9.72,0,19250,0,0,0,15750,0,0,0,0,35000,QMD,PHY
29638,62,0.07,1.36,105,0,27000,0,0,0,3000,0,0,0,0,30000,VA,PRO
39174,50,0.07,0.47,45,0,12000,0,0,0,28000,0,0,0,0,40000,QMD,PHY
78775,17.15,0.17,0.32,12.9,0,42000,0,0,0,28000,0,0,0,0,70000,QMD,PHY
57679,50,0.07,0.07,5,0,4710,0,0,0,42390,0,0,0,0,47100,QMD,PHY
34128,490,0.02,0.89,145,0,0,12000,0,0,28000,0,0,0,0,40000,IGN,AAA
67566,150,0.12,1.09,200,0,1000,0,0,0,9000,0,0,0,0,10000,VA,AAA
79088,818.05,0.07,0.3,9.2,9000,9000,0,0,0,42000,0,0,0,0,60000,QMD,PHY
78367,244.6,0.02,0.06,23.95,0,0,0,0,0,10000,0,0,0,0,10000,AND,PHY
37057,130,0.44,0.56,75,0,9000,0,0,0,21000,0,0,0,0,30000,QMD,PHY
57139,620,0.02,0.77,57,4000,8000,0,0,0,28000,0,0,0,0,40000,VA,AAA
68804,50,0.03,1.42,175,12000,1500,0,0,0,1500,0,0,0,0,15000,VA,PRO
78140,26.7,0.05,0.18,5.91,0,2000,0,0,0,8000,0,0,0,0,10000,QMD,PRO
83123,130,0.38,0.58,120,0,24000,0,0,0,16000,0,0,0,0,40000,QMD,PHY
46165,120,0.09,1.37,24,0,36000,0,0,0,4000,0,0,0,0,40000,QMD,PHY
50546,50,0.17,1.25,54,0,21000,0,0,0,9000,0,0,0,0,30000,VA,PRO
17486,34,0.41,0.17,3.3,0,8100,0,0,0,21000,0,900,0,0,30000,QMD,PHY
36167,3420,0.05,1.31,165,0,15000,0,0,0,15000,0,0,0,0,30000,IGN,AAA
13149,49.4,0.16,0.41,22.5,0,10000,0,0,0,13750,0,1250,0,0,25000,QMD,PHY
46909,50,0.04,1.5,39,0,30000,0,0,0,30000,0,0,0,0,60000,IGN,IAA
31649,50,0.02,1.48,525,0,21000,0,0,0,9000,0,0,0,0,30000,VA,PRO
66055,810,0.08,0.47,86,6000,0,0,0,0,54000,0,0,0,0,60000,QMD,AAA
46929,50,0.02,1.06,28,0,31500,0,0,0,3500,0,0,0,0,35000,VA,IAA
57865,50,0.02,0.06,37,1000,9000,0,0,0,0,0,0,0,0,10000,VA,PRO
57964,120,0.41,0.68,46,0,14000,0,0,0,26000,0,0,0,0,40000,QMD,PHY
79674,392.8,0.01,0.12,13.35,12000,4000,0,0,0,64000,0,0,0,0,80000,QMD,PRO
31993,50,0.04,2.11,17,0,32000,0,0,0,8000,0,0,0,0,40000,VA,IAA
14691,3.1,0.03,0.73,88.3,0,12000,0,0,0,18000,0,0,0,0,30000,QMD,PRO
62115,50,0.15,2.93,11,22500,22500,0,0,0,0,0,0,0,0,45000,VA,IAA
54175,50,0.04,0.01,14,0,2000,0,0,0,18000,0,0,0,0,20000,IGN,AAA
39224,50,0.21,0.87,195,0,20000,0,0,0,20000,0,0,0,0,40000,QMD,PHY
67010,1900,0.07,1.4,37,4500,0,0,0,9000,31500,0,0,0,0,45000,IGN,AAA
43387,50,0.02,0.12,41,0,6000,0,0,0,54000,0,0,0,0,60000,IGN,AAA
30823,50,0.05,0.62,98,0,8000,0,0,0,12000,0,0,0,0,20000,IGN,PHY
79375,9.39,0.01,0.09,5.72,0,0,0,0,0,5000,0,0,0,0,5000,QMD,PRO
50027,50,0.02,0.59,15,7500,7500,0,0,0,15000,0,0,0,0,30000,IGN,AAA
34318,50,0.02,0.42,49,0,27000,0,0,0,3000,0,0,0,0,30000,QMD,AAA
74481,50,0.06,0.38,125,0,10000,0,0,0,40000,0,0,0,0,50000,VA,IAA
62152,50,0.11,3.09,13,0,36000,0,0,0,4000,0,0,0,0,40000,VA,IAA
36574,50,0.02,0.34,115,0,6000,0,0,0,14000,0,0,0,0,20000,QMD,PHY
14189,24.4,0.08,0.36,27.8,0,10250,0,0,0,13750,0,1000,0,0,25000,QMD,PHY
48445,50,0.01,0.43,30,2000,14000,0,0,0,4000,0,0,0,0,20000,VA,PRO
28485,50,0.06,1.8,11,0,12000,0,0,0,28000,0,0,0,0,40000,VA,IAA
74424,50,0.03,0.94,62,15000,0,0,0,0,0,0,0,0,0,15000,IGN,IAA
28402,490,0.04,1.34,50,0,6000,0,0,0,24000,0,0,0,0,30000,IGN,AAA
12087,4.4,0.21,0.59,19.2,0,7500,0,0,0,22500,0,0,0,0,30000,QMD,PTS
69364,130,0.05,0.39,45,0,7000,0,0,0,28000,0,0,0,0,35000,VA,AAA
47386,50,0.06,0.2,125,0,4000,0,0,0,36000,0,0,0,0,40000,QMD,AAA
53287,50,0.05,1.65,20,0,25000,0,0,0,25000,0,0,0,0,50000,VA,AAA
58500,50,0.1,0.86,19,0,10000,0,0,0,40000,0,0,0,0,50000,HBX,PHY
35572,50,0.14,2.13,23,0,40000,0,0,0,0,0,0,0,0,40000,QMD,AAA
33766,50,0.37,3.42,25,0,112000,0,0,0,28000,0,0,0,0,140000,VA,IAA
23736,133.5,0.31,0.09,13.8,0,2500,0,0,0,22500,0,0,0,0,25000,QMD,UAL
24228,5.92,0.01,0.11,164.5,0,3500,0,0,0,66500,0,0,0,0,70000,IGN,AAA
68735,50,0.07,1.51,5,8000,20000,0,0,0,12000,0,0,0,0,40000,VA,IAA
64929,50,0.08,0.59,5,0,18000,0,0,0,12000,0,0,0,0,30000,QMD,PHY
37431,50,0.05,0.18,13,0,4000,0,0,0,6000,0,0,0,0,10000,QMD,PHY
80634,10.52,0.05,0.65,50.95,0,4000,0,0,0,36000,0,0,0,0,40000,QMD,PHY
47208,820,0.04,1.55,43,4000,0,0,0,8000,28000,0,0,0,0,40000,IGN,AAA
12074,20.9,0.14,0.33,11.45,0,6000,0,0,0,24000,0,0,0,0,30000,QMD,PTS
25310,50,0.08,1.07,167,0,25000,0,0,0,25000,0,0,0,0,50000,IGN,AAA
32995,50,0.04,1.23,70,6000,3000,0,0,0,1000,0,0,0,0,10000,VA,PRO
18494,23.8,0.04,0.06,2.68,0,6000,0,0,0,23100,0,900,0,0,30000,QMD,PHY
23723,61.9,0.11,0.07,6.7,0,3000,0,0,0,12000,0,0,0,0,15000,FLT,UAL
67407,520,0.04,1.9,59,0,0,0,0,3000,27000,0,0,0,0,30000,IGN,AAA
47304,50,0.03,0.28,180,3000,12000,0,0,0,15000,0,0,0,0,30000,VA,AAA
55634,320,0.02,0.4,16,0,0,0,0,0,50000,0,0,0,0,50000,FLT,AAA
69329,510,0.05,0.34,185,3000,0,0,0,10500,16500,0,0,0,0,30000,QMD,AAA
68852,560,0.09,0.66,150,3000,6000,0,0,3000,18000,0,0,0,0,30000,QMD,AAA
84048,50,0.02,0.53,29,1000,8000,0,0,0,1000,0,0,0,0,10000,VA,PRO
85601,50,0.32,1.61,130,0,36000,0,0,0,4000,0,0,0,0,40000,QMD,PHY
78481,97.95,0.02,0.17,20.63,0,8000,0,0,0,12000,0,0,0,0,20000,QMD,PHY
78336,74.25,0.96,0.08,7.37,0,0,0,0,0,5000,0,0,0,0,5000,QMD,PHY
31176,50,0.25,3.27,130,25000,15000,0,0,0,10000,0,0,0,0,50000,VA,IAA
30310,1560,0.04,2.14,40,9000,0,3000,0,0,18000,0,0,0,0,30000,IGN,AAA
67534,50,0.02,1.34,175,1000,4000,0,0,0,5000,0,0,0,0,10000,VA,IAA
23601,6.58,0.06,0.24,6.88,0,8000,0,0,0,72000,0,0,0,0,80000,QMD,UAL
44849,650,0.04,0.44,5,0,8000,0,0,0,32000,0,0,0,0,40000,QMD,PHY
46843,300,0.02,1.17,89,20000,0,0,0,0,30000,0,0,0,0,50000,IGN,AAA
71348,50,0.03,0.17,15,0,7000,0,0,0,3000,0,0,0,0,10000,QMD,PHY
58024,50,0.3,0.68,35,0,12000,0,0,0,18000,0,0,0,0,30000,QMD,PHY
18878,7.38,0.06,0.2,11.95,0,2000,0,0,0,38000,0,0,0,0,40000,QMD,PHY
24312,5.04,0.05,0.16,10.15,0,4000,0,0,0,36000,0,0,0,0,40000,QMD,PHY
41978,50,0.45,1.41,74,4000,28000,0,0,0,8000,0,0,0,0,40000,QMD,AAA
29629,62,0.03,0.83,38,0,24000,0,0,0,6000,0,0,0,0,30000,VA,PRO
64420,50,0.11,1.23,75,8000,20000,0,0,0,12000,0,0,0,0,40000,QMD,PHY
34261,50,0.03,0.68,125,0,20000,0,0,0,30000,0,0,0,0,50000,VA,PRO
76358,190,0.04,2.04,23,0,25000,0,0,0,25000,0,0,0,0,50000,QMD,IAA
34144,460,0.05,1.21,47,0,0,4000,8000,0,28000,0,0,0,0,40000,IGN,AAA
49751,220,0.16,0.65,135,0,6000,0,0,0,24000,0,0,0,0,30000,VA,PRO
12615,22.4,0.07,0.11,5.32,0,4000,0,0,0,16000,0,0,0,0,20000,QMD,PHY
48397,50,0.04,0.86,15,0,20000,0,0,0,30000,0,0,0,0,50000,QMD,IAA
33786,50,0.4,4.73,42,56000,7000,0,0,0,7000,0,0,0,0,70000,VA,PRO
83709,150,0.18,0.59,200,0,21000,0,0,0,9000,0,0,0,0,30000,QMD,PHY
14208,24.5,0.08,0.21,10.35,0,6000,0,0,0,13400,0,600,0,0,20000,QMD,PHY
38041,920,0.03,0.2,60,0,6000,0,0,0,54000,0,0,0,0,60000,QMD,AAA
60876,420,0.04,0.81,230,0,18000,0,0,0,42000,0,0,0,0,60000,QMD,AAA
42041,50,0.05,1.47,275,0,40000,0,0,0,0,0,0,0,0,40000,QMD,PHY
28843,50,0.02,0.01,5,0,3000,0,0,0,57000,0,0,0,0,60000,IGN,AAA
34241,50,0.24,2.93,73,45000,0,5000,0,0,0,0,0,0,0,50000,QMD,PHY
25116,275,0.03,0.55,106.05,4000,0,6000,0,0,30000,0,0,0,0,40000,IGN,AAA
80587,6.04,0.02,0.04,6.75,0,0,0,0,0,70000,0,0,0,0,70000,IGN,PHY
24998,25,0.01,0.17,6,6000,2000,0,0,0,12000,0,0,0,0,20000,IGN,PRO
17251,568,0.05,0.19,33.1,0,5000,0,0,0,45000,0,0,0,0,50000,HBX,IAA
16104,27.6,0.01,0.05,6.21,0,100,0,0,0,9900,0,0,0,0,10000,QMD,UAL
24504,9.56,0.02,0.09,15,0,2000,0,0,0,38000,0,0,0,0,40000,QMD,AAA
53778,50,0.04,2.14,17,0,24000,0,0,0,16000,0,0,0,0,40000,VA,IAA
82609,50,0.1,2.76,41,3000,15000,0,0,0,12000,0,0,0,0,30000,VA,IAA
47644,50,0.02,0.31,79,0,8000,0,0,0,32000,0,0,0,0,40000,IGN,AAA
36981,150,0.69,1.45,95,0,24000,0,0,0,6000,0,0,0,0,30000,QMD,PHY
15551,49.2,0.04,0.28,11.25,0,12000,0,0,0,18000,0,0,0,0,30000,QMD,PRO
75277,50,0.1,2.53,13,0,50000,0,0,0,0,0,0,0,0,50000,VA,PRO
12077,22.6,0.28,0.43,9.46,0,12000,0,0,0,18000,0,0,0,0,30000,QMD,PTS
53893,50,0.02,0.5,84,2500,20000,0,0,0,2500,0,0,0,0,25000,VA,PRO
37596,50,0.3,1.33,165,0,20000,0,0,0,20000,0,0,0,0,40000,QMD,PHY
30266,887,0.03,0.78,135,6000,12000,0,0,0,12000,0,0,0,0,30000,IGN,AAA
16138,75.7,0.04,0.3,27.6,0,10000,0,0,0,30000,0,0,0,0,40000,AND,PHY
86063,50,0.05,1.09,220,5000,0,0,0,0,0,0,0,0,0,5000,VA,PRO
47897,720,0.05,1.13,97.5,4000,8000,0,0,8000,20000,0,0,0,0,40000,IGN,AAA
30077,50,0.06,0.25,54,0,9000,0,0,0,21000,0,0,0,0,30000,QMD,AAA
31153,50,0.08,2.76,23,0,63000,0,0,0,7000,0,0,0,0,70000,VA,IAA
25278,50,0.04,0.37,97,0,10000,0,0,0,10000,0,0,0,0,20000,IGN,PRO
32368,1350,0.03,1.4,95,3000,21000,0,0,3000,3000,0,0,0,0,30000,VA,IAA
14742,2.4,0.12,0.46,24.9,0,18000,0,0,0,12000,0,0,0,0,30000,QMD,PHY
48380,420,0.05,1.46,52,5000,10000,0,0,0,35000,0,0,0,0,50000,QMD,IAA
17912,8.7,0.02,0.15,21.6,0,3000,0,0,0,27000,0,0,0,0,30000,QMD,PHY
44546,50,0.02,0.51,64,0,10000,0,0,0,0,0,0,0,0,10000,VA,PRO
30364,50,0.03,2.53,69,0,40000,0,0,0,0,0,0,0,0,40000,VA,AAA
30538,50,0.01,0.22,44,0,6000,0,0,0,24000,0,0,0,0,30000,QMD,PHY
13726,15,0.05,0.27,3.1,0,1750,0,0,0,33250,0,0,0,0,35000,QMD,AAA
69214,150,0.02,0.81,37,0,15000,0,0,0,10000,0,0,0,0,25000,VA,IAA
72696,50,0.01,1.32,5,4000,28000,0,0,0,8000,0,0,0,0,40000,IGN,IAA
57645,50,0.03,0.39,48,0,20000,0,0,0,30000,0,0,0,0,50000,QMD,PHY
55369,149,0.08,1.31,11.4,0,15000,0,0,0,35000,0,0,0,0,50000,QMD,AAA
12378,12.3,0.17,0.24,24.4,0,4000,0,0,0,16000,0,0,0,0,20000,QMD,PTS
79796,205,0.01,0.03,14.85,0,0,9000,0,0,1000,0,0,0,0,10000,QMD,PHY
84105,160,0.24,1.52,14,4000,12000,0,0,0,4000,0,0,0,0,20000,QMD,PHY
57051,270,0.06,1.11,37,15000,5000,0,0,0,30000,0,0,0,0,50000,IGN,AAA
63757,50,0.19,1.24,145,0,18000,0,0,0,12000,0,0,0,0,30000,QMD,PHY
33273,50,0.14,3.56,27,6000,54000,0,0,0,0,0,0,0,0,60000,QMD,AAA
12576,53.8,0.17,0.14,5.52,0,12500,0,0,0,36500,0,1000,0,0,50000,QMD,PHY
85532,110,0.13,0.74,290,0,9000,0,0,0,21000,0,0,0,0,30000,QMD,PHY
70591,720,0.07,1.38,100,18000,0,0,0,0,42000,0,0,0,0,60000,QMD,PHY
12840,821,0.03,0.37,9.86,0,1000,0,0,0,49000,0,0,0,0,50000,QMD,AAA
18615,110,0.01,0.05,5.27,0,4500,0,0,0,40500,0,0,0,0,45000,QMD,PHY
37358,50,0.12,0.72,92,0,10500,0,0,0,19500,0,0,0,0,30000,QMD,PHY
18798,53.15,0.16,0.6,19.65,0,6000,0,0,0,34000,0,0,0,0,40000,QMD,PHY
66211,50,0.04,0.88,38,0,5000,0,0,0,5000,0,0,0,0,10000,VA,PRO
80744,6.04,0.01,0.01,19.61,0,3000,0,0,0,27000,0,0,0,0,30000,QMD,PHY
44951,50,0.13,0.55,150,0,9000,0,0,0,21000,0,0,0,0,30000,QMD,PHY
32249,190,0.02,0.99,155,6000,0,0,0,6000,18000,0,0,0,0,30000,IGN,AAA
56288,110,0.01,1.31,5,0,27000,0,0,0,3000,0,0,0,0,30000,VA,IAA
42001,50,0.08,1.05,52,0,40000,0,0,0,10000,0,0,0,0,50000,QMD,AAA
48430,50,0.1,0.93,105,0,24000,0,0,0,16000,0,0,0,0,40000,VA,PRO
31845,50,0.01,0.03,18,0,2000,0,0,0,18000,0,0,0,0,20000,IGN,AAA
25170,50,0.07,0.84,230,0,16000,0,0,0,24000,0,0,0,0,40000,VA,PRO
32777,50,0.01,0.03,17,0,15000,0,0,0,45000,0,0,0,0,60000,IGN,AAA
63747,50,0.12,0.95,91,0,15000,0,0,0,15000,0,0,0,0,30000,QMD,PHY
17338,94.7,0.02,0.12,6.18,0,3750,0,0,0,11250,0,0,0,0,15000,QMD,PHY
54279,50,0.51,3.41,5,30000,20000,0,0,0,0,0,0,0,0,50000,VA,IAA
13486,60.4,0.18,0.45,90.2,0,12900,0,0,0,16500,0,600,0,0,30000,QMD,PHY
31612,190,0.07,0.61,160,0,20000,0,0,0,20000,0,0,0,0,40000,QMD,IAA
17321,696,0.41,0.18,12.75,0,3000,0,0,0,27000,0,0,0,0,30000,QMD,PHY
39126,50,0.04,0.32,25,0,21000,0,0,0,9000,0,0,0,0,30000,QMD,PHY
46548,50,0.02,1.14,30,10500,4500,0,0,0,0,0,0,0,0,15000,VA,IAA
14181,163.5,0.32,0.17,23.1,0,10500,0,0,0,19500,0,0,0,0,30000,QMD,PHY
23783,37.5,0.01,0.09,5.94,0,1400,0,0,0,18000,0,600,0,0,20000,QMD,UAL
23444,40.8,0.46,0.09,11.75,0,100,0,0,0,49800,0,100,0,0,50000,QMD,UAL
55820,290,0.18,1.01,135,21000,9000,0,0,0,0,0,0,0,0,30000,QMD,PHY
55380,50,0.05,1.12,5,0,18000,0,0,0,22000,0,0,0,0,40000,VA,IAA
55110,50,0.07,0.35,115,0,6000,0,0,0,24000,0,0,0,0,30000,QMD,PHY
46509,750,0.05,0.5,55,0,12000,0,0,0,28000,0,0,0,0,40000,IGN,IAA
78607,21.95,0.04,0.18,8.77,0,3750,0,0,0,21250,0,0,0,0,25000,QMD,PHY
57002,960,0.01,0.38,37,0,0,0,0,12000,18000,0,0,0,0,30000,IGN,AAA
18329,174,0.81,0.11,21.9,0,4200,0,0,0,29750,0,1050,0,0,35000,QMD,PHY
32072,50,0.03,1.19,43,0,8000,0,0,0,12000,0,0,0,0,20000,VA,PRO
37023,120,0.38,0.35,37,0,9000,0,0,0,21000,0,0,0,0,30000,QMD,PHY
80506,188.48,0.01,0.05,12.43,10000,10000,0,0,0,80000,0,0,0,0,100000,QMD,UAL
34767,50,0.03,0.22,14,0,8000,0,0,0,32000,0,0,0,0,40000,QMD,AAA
78337,20.77,0.29,0.07,5.55,0,0,0,0,0,5000,0,0,0,0,5000,QMD,PHY
13118,15.9,0.16,0.54,28.2,0,13500,0,0,0,16500,0,0,0,0,30000,QMD,PHY
16847,32,0.09,0.4,13.9,0,3000,0,0,0,12000,0,0,0,0,15000,QMD,PHY
47267,1190,0.01,0.6,51,2000,6000,0,0,0,12000,0,0,0,0,20000,VA,AAA
79015,82.43,0.02,0.14,4.09,0,18000,0,0,0,42000,0,0,0,0,60000,QMD,AAA
14729,4.2,0.03,0.58,41.5,0,13500,0,0,0,16500,0,0,0,0,30000,QMD,PHY
37334,50,0.08,0.42,23,0,12000,0,0,0,18000,0,0,0,0,30000,QMD,PHY
69302,50,0.14,0.96,100,0,15000,0,0,0,15000,0,0,0,0,30000,VA,PRO
67126,980,0.39,0.93,40,0,5000,0,0,0,45000,0,0,0,0,50000,QMD,PHY
44033,1880,2.9,1.31,110,0,24000,0,0,0,36000,0,0,0,0,60000,QMD,PHY
33816,50,0.05,1.29,98,0,27000,0,0,0,3000,0,0,0,0,30000,VA,PRO
53273,50,0.04,0.6,5,0,28000,0,0,0,42000,0,0,0,0,70000,VA,AAA
55585,180,0.02,0.98,19,0,9000,0,0,0,21000,0,0,0,0,30000,IGN,AAA
47308,50,0.05,0.55,15,6000,9000,0,0,0,15000,0,0,0,0,30000,VA,AAA
36945,50,0.08,0.53,90,0,12000,0,0,0,18000,0,0,0,0,30000,QMD,PHY
66050,1280,0.56,3.98,76,40000,0,0,0,0,40000,0,0,0,0,80000,QMD,AAA
33304,50,0.14,1.32,33,6000,12000,0,0,0,12000,0,0,0,0,30000,QMD,AAA
69301,50,0.09,0.81,175,0,14000,0,0,0,21000,0,0,0,0,35000,VA,PRO
79900,117.9,0.01,0.05,7.85,0,0,0,0,0,30000,0,0,0,0,30000,QMD,PHY
47841,420,0.03,1.2,56,6000,0,0,0,24000,30000,0,0,0,0,60000,IGN,AAA
23950,11.05,0.18,0.56,24,3000,15000,15000,4500,0,112500,0,0,0,0,150000,QMD,PHY
13763,16.8,0.05,0.1,63.7,0,2500,0,0,0,22500,0,0,0,0,25000,QMD,IAA
75367,180,0.1,0.93,52,0,21000,0,0,0,9000,0,0,0,0,30000,QMD,PHY
56291,50,0.05,1.57,14,0,32000,0,0,0,8000,0,0,0,0,40000,VA,IAA
37950,2787.5,0.07,1.11,50.5,3000,6000,0,0,6000,45000,0,0,0,0,60000,IGN,AAA
74357,50,0.06,2.52,31,0,45000,0,0,0,5000,0,0,0,0,50000,IGN,IAA
29183,50,0.02,1.31,13,3000,12000,0,0,0,15000,0,0,0,0,30000,VA,IAA
29845,50,0.03,1.73,18,4000,20000,0,0,0,16000,0,0,0,0,40000,IGN,IAA
33392,50,0.06,0.99,64,12500,10000,0,0,0,2500,0,0,0,0,25000,VA,PRO
84871,170,0.01,0.75,23,0,10000,0,0,0,40000,0,0,0,0,50000,IGN,IAA
30840,50,0.11,1.17,75,0,10000,0,0,0,10000,0,0,0,0,20000,IGN,PHY
69431,50,0.07,0.57,36,0,18000,0,0,0,12000,0,0,0,0,30000,QMD,PHY
42441,800,0.03,1.36,110,12000,24000,0,0,0,4000,0,0,0,0,40000,VA,IAA
14767,5.8,0.02,0.49,18,1500,18000,0,0,0,10500,0,0,0,0,30000,QMD,PRO
57564,50,0.01,1.01,25,0,20000,0,0,0,20000,0,0,0,0,40000,VA,IAA
69768,50,0.1,1.23,16,15000,0,0,0,0,0,0,0,0,0,15000,VA,PRO
33332,50,0.04,1.38,26,15000,9000,0,0,0,6000,0,0,0,0,30000,VA,IAA
46917,50,0.03,1.42,34,0,35000,0,0,0,35000,0,0,0,0,70000,IGN,IAA
63566,110,0.03,1.38,14,6000,12000,0,0,0,12000,0,0,0,0,30000,VA,IAA
84887,100,0.04,0.55,56,12500,12500,0,0,0,0,0,0,0,0,25000,IGN,IAA
58535,50,0.02,0.04,14,0,0,0,0,0,15000,0,0,0,0,15000,HBX,PHY
13923,403,0.02,0.26,56.5,0,9000,0,0,0,51000,0,0,0,0,60000,QMD,AAA
32786,110,0.02,0.04,115,0,2000,0,0,0,18000,0,0,0,0,20000,IGN,AAA
24293,424,0.12,0.6,26.3,7000,14000,0,0,0,49000,0,0,0,0,70000,IGN,AAA
80760,56.97,0.01,0.05,12.55,0,14000,0,0,0,56000,0,0,0,0,70000,QMD,PHY
24330,220,0.06,0.36,20.2,0,7000,0,0,0,93000,0,0,0,0,100000,IGN,AAA
15545,107.5,0.02,0.16,18.4,0,4500,0,0,0,10500,0,0,0,0,15000,QMD,PRO
47683,110,0.04,0.4,85,0,0,0,0,0,10000,0,0,0,0,10000,QMD,PHY
40856,50,0.04,0.41,37,0,10000,0,0,0,10000,0,0,0,0,20000,VA,PRO
14167,45.7,0.09,0.35,18.15,0,5000,0,0,0,15000,0,0,0,0,20000,QMD,PHY
47949,50,0.14,5.32,510,12000,18000,0,0,0,30000,0,0,0,0,60000,VA,IAA
74391,530,0.33,3.35,28,24000,6000,0,0,0,30000,0,0,0,0,60000,VA,AAA
12829,17.3,0.07,0.08,20.2,0,2500,0,0,0,47500,0,0,0,0,50000,QMD,AAA
54339,50,0.01,0.92,215,0,21000,0,0,0,9000,0,0,0,0,30000,VA,PRO
48883,50,0.04,0.49,77,0,9000,0,0,0,21000,0,0,0,0,30000,VA,IAA
13163,213,0.06,0.42,55.8,0,7600,0,0,0,12000,0,400,0,0,20000,QMD,PHY
65050,50,0.24,0.52,5,6000,0,0,0,0,0,0,0,0,0,6000,QMD,PHY
36436,50,0.04,1.47,23,6000,18000,0,0,0,36000,0,0,0,0,60000,IGN,AAA
68840,2500,0.1,0.71,140,4500,0,0,0,4500,36000,0,0,0,0,45000,QMD,AAA
43996,50,0.11,0.15,19,0,12000,0,0,0,28000,0,0,0,0,40000,HBX,PHY
86093,50,0.62,0.85,420,0,18000,0,0,0,12000,0,0,0,0,30000,VA,PRO
32430,50,0.04,1.81,58,3000,21000,3000,0,0,3000,0,0,0,0,30000,VA,IAA
32018,250,0.09,2.46,26,8000,16000,0,0,0,16000,0,0,0,0,40000,VA,IAA
68844,700,0.07,0.64,95,3000,3000,0,0,6000,18000,0,0,0,0,30000,QMD,AAA
73390,160,0.15,1.98,12,8000,12000,0,0,0,0,0,0,0,0,20000,VA,PHY
14639,22.5,0.05,0.57,22.8,0,30000,0,0,0,20000,0,0,0,0,50000,QMD,PHY
74491,50,0.01,0.3,115,0,9000,0,0,0,21000,0,0,0,0,30000,VA,IAA
15984,19,0.24,0.71,21.3,0,20000,0,0,0,30000,0,0,0,0,50000,QMD,PHY
83047,140,0.02,0.83,47,7000,3000,0,0,0,0,0,0,0,0,10000,VA,PRO
54185,310,0.06,0.33,83,2000,6000,0,0,0,12000,0,0,0,0,20000,IGN,AAA
48424,50,0.03,0.5,70,12000,12000,0,0,0,6000,0,0,0,0,30000,VA,PRO
84104,170,0.23,1.32,16,8000,8000,0,0,0,4000,0,0,0,0,20000,VA,IAA
80719,17.44,0.01,0.01,7.11,0,2000,0,0,0,18000,0,0,0,0,20000,QMD,PHY
35512,510,0.01,1.67,37,18000,6000,0,0,0,36000,0,0,0,0,60000,IGN,AAA
17202,57.1,0.02,0.15,2.78,2500,15000,0,0,0,31500,0,1000,0,0,50000,HBX,IAA
16406,36.6,0.17,0.22,31.3,0,2500,0,0,0,22500,0,0,0,0,25000,QMD,PHY
35489,230,0.03,2.3,38,16000,0,4000,0,0,20000,0,0,0,0,40000,IGN,AAA
18110,191,0.04,0.35,37.6,3000,10800,0,0,0,46200,0,0,0,0,60000,QMD,IAA
36460,50,0.03,1.37,14,6000,36000,0,0,0,18000,0,0,0,0,60000,IGN,IAA
66229,50,0.03,0.34,975,0,6000,0,0,0,9000,0,0,0,0,15000,VA,PRO
76046,50,0.13,0.78,68,0,12500,0,0,0,12500,0,0,0,0,25000,VA,IAA
58070,50,0.08,0.61,20,0,28000,0,0,0,12000,0,0,0,0,40000,QMD,PHY
83093,900,0.08,0.83,105,0,24000,0,0,0,6000,0,0,0,0,30000,QMD,PHY
62971,50,0.08,0.49,125,0,18000,0,0,0,12000,0,0,0,0,30000,QMD,AAA
29356,25,0.22,0.54,175,0,21000,0,0,0,9000,0,0,0,0,30000,QMD,PHY
33302,50,0.02,0.41,14,0,18000,0,0,0,12000,0,0,0,0,30000,QMD,AAA
45783,50,0.03,1.42,42,35000,0,0,0,0,35000,0,0,0,0,70000,VA,AAA
14665,14.5,0.12,0.52,80.8,0,21341.25,0,0,0,10158.75,0,0,0,0,31500,QMD,PHY
17852,52.7,0.16,0.42,7.24,0,8250,0,0,0,46750,0,0,0,0,55000,QMD,IAA
14768,3.1,0.12,0.59,33.6,1500,18000,0,0,0,10500,0,0,0,0,30000,QMD,PRO
68427,50,0.11,0.55,47,0,12000,0,0,0,28000,0,0,0,0,40000,QMD,PHY
83091,50,0.08,0.85,52,0,21000,0,0,0,9000,0,0,0,0,30000,QMD,PHY
68158,440,0.01,1.24,97,16000,4000,0,0,0,20000,0,0,0,0,40000,IGN,AAA
18834,199.82,0.06,0.35,25.55,0,8800,0,0,0,31200,0,0,0,0,40000,QMD,PHY
76348,50,0.03,1.96,5,0,30000,0,0,0,30000,0,0,0,0,60000,VA,IAA
13478,76,0.18,0.24,9.14,0,7500,0,0,0,21600,0,900,0,0,30000,QMD,PHY
12526,17.1,0.06,0.14,25.3,0,10000,0,0,0,39000,0,1000,0,0,50000,QMD,PTS
34615,240,0.02,1.41,56,0,24000,0,0,0,6000,0,0,0,0,30000,IGN,IAA
32855,50,0.01,1,29,3000,27000,0,0,0,0,0,0,0,0,30000,VA,IAA
53003,50,0.06,1.44,130,0,21000,0,0,0,39000,0,0,0,0,60000,VA,PRO
42430,220,0.02,0.68,45,6000,21000,0,0,0,3000,0,0,0,0,30000,IGN,IAA
77689,37.1,0.1,0.2,20.08,0,1500,0,0,0,8500,0,0,0,0,10000,QMD,PHY
82703,110,0.06,0.4,57,0,9000,0,0,0,21000,0,0,0,0,30000,QMD,PRO
14596,45.5,0.02,0.07,11.95,0,7600,0,0,0,12400,0,0,0,0,20000,QMD,PHY
62951,50,0.06,0.72,85,0,24000,0,0,0,6000,0,0,0,0,30000,QMD,AAA
52237,50,0.02,0.17,15,0,4000,0,0,0,36000,0,0,0,0,40000,IGN,IAA
76492,130,0.09,0.78,72,0,7000,0,0,0,63000,0,0,0,0,70000,QMD,AAA
52976,50,0.04,1.19,41,27000,3000,0,0,0,0,0,0,0,0,30000,VA,PRO
28393,390,0.02,1.08,39,0,0,0,0,0,30000,0,0,0,0,30000,IGN,AAA
47244,360,0.02,0.74,26,0,12000,0,0,0,8000,0,0,0,0,20000,IGN,AAA
41926,170,0.03,0.8,10,0,32000,0,0,0,8000,0,0,0,0,40000,VA,IAA
77564,363.08,0.02,0.19,25.13,0,0,8000,0,0,32000,0,0,0,0,40000,QMD,AAA
80278,65.14,0.02,0.07,62.7,0,6000,0,0,0,24000,0,0,0,0,30000,QMD,PHY
68266,50,0.02,1.45,91,0,8000,0,0,0,12000,0,0,0,0,20000,VA,AAA
46580,50,0.07,2.25,45,0,30000,0,0,0,0,0,0,0,0,30000,VA,PRO
80338,52.28,0.02,0.17,20.9,0,10000,0,0,0,40000,0,0,0,0,50000,QMD,PHY
59948,50,0.18,1.13,150,14000,14000,0,0,0,42000,0,0,0,0,70000,QMD,PHY
83100,170,0.32,0.76,85,0,27000,0,0,0,3000,0,0,0,0,30000,QMD,PHY
78756,53.55,0.81,2.04,63.65,7000,21000,21000,0,0,21000,0,0,0,0,70000,QMD,PHY
28934,63,0.01,0.01,57,0,2500,0,0,0,47500,0,0,0,0,50000,IGN,AAA
39164,50,0.12,0.62,60,0,20000,0,0,0,20000,0,0,0,0,40000,QMD,PHY
48404,50,0.03,0.94,38,0,12000,0,0,0,28000,0,0,0,0,40000,QMD,IAA
65681,190,0.03,0.9,130,0,24000,0,0,0,16000,0,0,0,0,40000,QMD,PHY
23244,7.29,0.28,0.52,19.5,0,30000,0,0,0,20000,0,0,0,0,50000,QMD,UAL
32291,50,0.03,0.96,22,6000,12000,0,0,0,12000,0,0,0,0,30000,IGN,AAA
34618,50,0.01,1.25,66,0,32000,0,0,0,8000,0,0,0,0,40000,IGN,IAA
68939,50,0.11,0.54,60,0,4000,0,0,0,36000,0,0,0,0,40000,QMD,PHY
45484,50,0.52,0.99,5,0,21000,0,0,0,9000,0,0,0,0,30000,QMD,PHY
82704,50,0.06,0.43,130,0,9000,0,0,0,21000,0,0,0,0,30000,QMD,PRO
82699,50,0.04,0.24,105,0,18000,0,0,0,12000,0,0,0,0,30000,QMD,PRO
56361,50,0.16,0.57,87,0,16000,0,0,0,4000,0,0,0,0,20000,QMD,PHY
13340,25.6,0.32,0.19,70.9,0,3000,0,0,0,27000,0,0,0,0,30000,QMD,PHY
32106,50,0.03,0.53,115,0,5000,0,0,0,5000,0,0,0,0,10000,VA,IAA
38028,370,0.06,0.35,235,0,12000,0,0,0,48000,0,0,0,0,60000,QMD,AAA
12879,4.7,0.02,0.21,40.6,0,8000,0,0,0,12000,0,0,0,0,20000,QMD,PHY
68916,50,0.19,0.76,265,0,15000,0,0,0,35000,0,0,0,0,50000,QMD,PHY
74489,50,0.04,0.6,150,0,9000,0,0,0,21000,0,0,0,0,30000,VA,IAA
14191,101,0.33,0.24,94,0,8750,0,0,0,16250,0,0,0,0,25000,QMD,PHY
16238,391,0.04,0.2,36.1,0,0,0,0,0,25000,0,0,0,0,25000,QMD,IAA
33682,250,0.02,1.14,245,9000,0,6000,0,0,15000,0,0,0,0,30000,IGN,AAA
34192,270,0.2,2.69,32,18000,18000,6000,0,0,18000,0,0,0,0,60000,QMD,AAA
68937,50,0.05,0.27,40,0,3000,0,0,0,27000,0,0,0,0,30000,QMD,PHY
46684,50,0.04,0.75,93,0,28000,0,0,0,12000,0,0,0,0,40000,VA,PRO
57494,50,0.02,1.07,40,0,20000,0,0,0,20000,0,0,0,0,40000,IGN,AAA
78306,36.3,0.05,0.06,7.53,0,0,0,0,0,5000,0,0,0,0,5000,QMD,PHY
34608,50,0.02,0.96,79,0,18000,0,0,0,12000,0,0,0,0,30000,IGN,IAA
36815,50,0.04,0.28,38,0,21000,0,0,0,9000,0,0,0,0,30000,QMD,PHY
55466,130,0.06,0.92,130,0,35000,0,0,0,15000,0,0,0,0,50000,QMD,AAA
66048,1930,0.37,4.04,23,40000,0,0,0,0,10000,0,0,0,0,50000,QMD,AAA
36482,50,0.05,0.58,18,0,30000,0,0,0,20000,0,0,0,0,50000,VA,AAA
69829,50,0.11,1.84,23,0,30000,0,0,0,0,0,0,0,0,30000,VA,PRO
80707,44.08,0.01,0.02,2.55,0,0,0,0,0,10000,0,0,0,0,10000,INTR,UAL
53380,50,0.03,0.7,40,0,20000,0,0,0,20000,0,0,0,0,40000,VA,PRO
65703,410,0.18,0.49,81,0,8000,0,0,0,32000,0,0,0,0,40000,QMD,PHY
30022,1500,0.11,0.81,96,0,20000,0,0,0,20000,0,0,0,0,40000,QMD,AAA
13473,80.8,0.18,0.42,14.55,0,10500,0,0,0,18900,0,600,0,0,30000,QMD,PHY
59995,50,0.03,0.44,41,70000,0,0,0,0,0,0,0,0,0,70000,VA,PRO
35112,50,0.07,1.14,74,0,20000,0,0,0,5000,0,0,0,0,25000,VA,IAA
55061,50,0.04,1.07,96,15000,25000,0,0,0,10000,0,0,0,0,50000,VA,PRO
17215,192.5,0.02,0.52,21.2,1200,12000,0,0,0,45000,0,1800,0,0,60000,QMD,IAA
31941,50,0.03,1.12,10,9000,3000,0,0,0,18000,0,0,0,0,30000,VA,IAA
72180,50,0.04,0.87,39,5000,0,0,0,0,0,0,0,0,0,5000,VA,PRO
75959,50,0.01,1.05,5,0,10500,0,0,0,24500,0,0,0,0,35000,VA,IAA
72822,50,0.06,0.77,67,0,4000,0,0,0,36000,0,0,0,0,40000,QMD,PHY
34620,50,0.03,1.4,100,0,35000,0,0,0,15000,0,0,0,0,50000,IGN,IAA
67462,290,0.06,2.18,105,0,10000,0,0,10000,30000,0,0,0,0,50000,VA,IAA
33286,400,0.09,1.63,405,6000,12000,6000,0,0,6000,0,0,0,0,30000,QMD,AAA
48401,120,0.01,0.82,17,0,16500,0,0,0,13500,0,0,0,0,30000,VA,IAA
49340,320,0.02,0.29,31,0,4000,0,0,8000,28000,0,0,0,0,40000,QMD,AAA
41049,50,0.05,0.82,5,0,20000,0,0,0,20000,0,0,0,0,40000,IGN,IAA
34593,1580,0.02,1.19,27,6000,9000,3000,0,0,12000,0,0,0,0,30000,IGN,AAA
65750,50,0.33,0.94,15,0,20000,0,0,0,20000,0,0,0,0,40000,QMD,PHY
77595,34.29,0.14,0.32,23.42,0,7500,0,0,0,42500,0,0,0,0,50000,QMD,AAA
52977,50,0.02,0.74,41,27000,3000,0,0,0,0,0,0,0,0,30000,VA,PRO
79600,63.04,0.04,0.24,62.89,15000,1500,0,0,0,12000,0,0,0,1500,30000,QMD,AAA
76455,110,0.04,1,78,6000,2000,0,0,0,12000,0,0,0,0,20000,VA,PRO
74396,520,0.16,0.71,33,12000,0,0,0,0,28000,0,0,0,0,40000,VA,AAA
61323,210,0.03,0.86,45,0,12000,0,0,0,28000,0,0,0,0,40000,QMD,PHY
46855,50,0.04,1.56,83,0,28000,0,0,0,42000,0,0,0,0,70000,IGN,AAA
30076,50,0.03,0.09,16,0,9000,0,0,0,21000,0,0,0,0,30000,QMD,AAA
78493,111.15,0.01,0.06,3.78,0,6000,0,0,0,14000,0,0,0,0,20000,QMD,PHY
46861,220,0.04,1.36,43,18000,6000,0,0,0,36000,0,0,0,0,60000,IGN,AAA
12580,26.4,0.06,0.14,9.97,0,6250,0,0,0,18750,0,0,0,0,25000,QMD,PHY
13217,6.2,0.03,0.25,349,0,12800,0,0,0,26000,0,1200,0,0,40000,QMD,PHY
18863,9.1,0.11,0.68,41,0,8000,0,0,0,72000,0,0,0,0,80000,QMD,PHY
46157,50,0.05,1.21,22,0,24000,0,0,0,6000,0,0,0,0,30000,QMD,PHY
42446,50,0.02,0.97,155,3000,27000,0,0,0,0,0,0,0,0,30000,VA,IAA
80379,7.95,0.01,0.11,3.02,0,16000,0,0,0,64000,0,0,0,0,80000,QMD,PHY
29184,50,0.01,2.24,5,0,22000,0,0,0,18000,0,0,0,0,40000,VA,IAA
32973,50,0.02,0.59,66,5000,5000,0,0,0,0,0,0,0,0,10000,VA,PRO
53921,120,0.02,0.58,175,0,15000,0,0,0,15000,0,0,0,0,30000,VA,AAA
18344,87.3,0.39,0.11,6.73,0,4000,0,0,0,16000,0,0,0,0,20000,FLT,PHY
42030,50,0.04,0.83,230,0,32000,0,0,0,8000,0,0,0,0,40000,QMD,PHY
37680,50,0.05,0.1,11,0,4000,0,0,0,16000,0,0,0,0,20000,QMD,PHY
44530,50,0.04,0.44,84,0,10000,0,0,0,0,0,0,0,0,10000,VA,PRO
71349,50,0.04,0.08,30,0,3000,0,0,0,27000,0,0,0,0,30000,QMD,PHY
53432,480,0.23,0.84,135,0,24000,0,0,0,16000,0,0,0,0,40000,QMD,PHY
85498,160,0.23,0.55,33,0,12000,0,0,0,18000,0,0,0,0,30000,QMD,PHY
13747,90.3,0.08,0.13,33,0,3000,0,0,0,27000,0,0,0,0,30000,QMD,IAA
69962,50,0.02,0.33,12,1000,9000,0,0,0,0,0,0,0,0,10000,VA,PRO
68827,120,0.06,1.1,82,6390,11182.5,0,0,0,3727.5,0,0,0,0,21300,VA,PRO
60782,50,0.12,1.76,5,0,36000,0,0,0,4000,0,0,0,0,40000,VA,IAA
68184,1010,0.03,1.22,52,6000,0,0,0,0,24000,0,0,0,0,30000,IGN,AAA
84007,180,0.01,0.11,28,0,3000,0,0,3000,24000,0,0,0,0,30000,IGN,AAA
41099,50,0.19,0.8,43,0,12000,0,0,0,8000,0,0,0,0,20000,QMD,PHY
18484,35.7,0.09,0.18,10.8,0,8400,0,0,0,21000,0,600,0,0,30000,QMD,PHY
23755,37.4,0.06,0.21,15.6,0,3480,0,0,0,31320,0,0,0,0,34800,QMD,UAL
37242,50,0.02,0.05,5,0,15000,0,0,0,35000,0,0,0,0,50000,IGN,AAA
45725,230,0.03,0.67,46,16000,0,0,0,0,64000,0,0,0,0,80000,IGN,AAA
15998,9.8,2.18,2.2,23.4,0,22000,0,0,0,18000,0,0,0,0,40000,HBX,AAA
67005,530,0.04,0.94,29,4000,0,0,8000,0,28000,0,0,0,0,40000,IGN,AAA
34678,50,0.05,0.27,145,0,16000,0,0,0,24000,0,0,0,0,40000,IGN,IAA
13045,7.6,0.11,0.5,51.4,0,10000,0,0,0,10000,0,0,0,0,20000,QMD,PHY
23767,11,0.22,0.3,40.2,0,2500,0,0,0,22500,0,0,0,0,25000,QMD,UAL
54189,880,0.06,0.73,41,4000,2000,0,0,0,14000,0,0,0,0,20000,IGN,AAA
47317,260,0.04,0.34,125,3000,9000,0,0,0,18000,0,0,0,0,30000,VA,IAA
43998,50,0.12,0.11,15,0,10000,0,0,0,40000,0,0,0,0,50000,HBX,PHY
77540,284.45,0.01,0.34,11.09,0,2400,6000,0,0,21600,0,0,0,0,30000,QMD,AAA
47375,240,0.05,0.5,125,0,9000,0,0,0,21000,0,0,0,0,30000,IGN,PRO
46099,50,0.01,1,5,0,18000,0,0,0,12000,0,0,0,0,30000,VA,IAA
54299,50,0.01,0.69,42,7000,1000,0,0,0,2000,0,0,0,0,10000,VA,PRO
64369,50,0.09,0.81,24,3000,21000,0,0,0,6000,0,0,0,0,30000,QMD,PHY
73392,140,0.17,2.65,5,9000,9000,0,0,0,12000,0,0,0,0,30000,VA,PHY
32277,1940,0.08,1.54,24,4000,0,0,0,0,16000,0,0,0,0,20000,IGN,AAA
78210,14.86,0.07,0.12,11.35,0,0,0,0,0,10000,0,0,0,0,10000,QMD,PRO
74402,50,0.11,5.41,37,0,24000,0,0,0,36000,0,0,0,0,60000,VA,AAA
68769,50,0.24,3.9,31,4000,32000,0,0,0,4000,0,0,0,0,40000,QMD,AAA
85697,50,0.38,0.63,20,0,14000,0,0,0,6000,0,0,0,0,20000,QMD,PHY
82626,50,0.03,1.07,21,0,32000,0,0,0,8000,0,0,0,0,40000,IGN,IAA
34186,50,0.98,4.16,24,30000,20000,0,0,0,0,0,0,0,0,50000,VA,AAA
72742,50,0.07,2.2,11,0,32000,0,0,0,8000,0,0,0,0,40000,IGN,IAA
80765,11.11,0.07,0.71,54.72,0,14000,0,0,0,56000,0,0,0,0,70000,QMD,PHY
48894,50,0.01,0.34,79,0,12000,0,0,0,48000,0,0,0,0,60000,IGN,AAA
78134,18.52,0.05,0.09,24.75,0,0,0,0,0,5000,0,0,0,0,5000,QMD,PRO
16956,24.3,0.1,0.18,32.7,0,3750,0,0,0,20500,0,750,0,0,25000,QMD,PHY
15840,21.4,0.46,0.88,84.6,0,26000,0,0,0,12400,0,1600,0,0,40000,HBX,PHY
18212,62.4,0.16,0.35,48.1,0,9000,0,0,0,20100,0,900,0,0,30000,HBX,PHY
79856,11.93,0.03,0.06,3.58,0,0,0,0,0,30000,0,0,0,0,30000,QMD,PHY
15518,30.1,0.07,0.54,34.6,0,12000,0,0,0,18000,0,0,0,0,30000,HBX,PHY
32296,50,0.03,0.68,51,0,21000,0,0,0,9000,0,0,0,0,30000,IGN,AAA
12188,2.1,0.13,0.3,8.44,500,3750,0,0,0,20000,0,750,0,0,25000,QMD,PTS
78966,4.5,0.01,0.05,5.01,0,500,0,0,0,9500,0,0,0,0,10000,QMD,PRO
23428,71.2,0.04,0.05,4.43,0,0,0,0,0,100000,0,0,0,0,100000,QMD,UAL
55341,50,0.04,1.22,14,0,24000,0,0,0,6000,0,0,0,0,30000,QMD,PHY
66029,1230,0.06,1.93,19,28000,0,0,0,7000,35000,0,0,0,0,70000,QMD,AAA
28640,50,0.04,0.93,190,4000,8000,0,0,0,8000,0,0,0,0,20000,VA,PRO
31545,50,0.02,0.96,44,0,24000,0,0,0,16000,0,0,0,0,40000,VA,AAA
74420,50,0.03,1.33,56,3000,12000,0,0,0,15000,0,0,0,0,30000,VA,IAA
72760,50,0.04,0.73,120,4000,500,0,0,0,500,0,0,0,0,5000,VA,PRO
85465,890,0.7,0.88,190,0,20000,0,0,0,30000,0,0,0,0,50000,QMD,PHY
44795,50,0.1,0.61,14,0,8000,0,0,0,32000,0,0,0,0,40000,QMD,PHY
32343,50,0.04,1.33,160,0,27000,0,0,0,3000,0,0,0,0,30000,VA,AAA
31601,1690,0.02,0.81,84,0,6000,0,0,0,24000,0,0,0,0,30000,QMD,IAA
54689,50,0.12,0.75,45,0,18300,0,0,0,11700,0,0,0,0,30000,QMD,PHY
46238,50,0.09,0.85,60,0,18000,0,0,0,12000,0,0,0,0,30000,QMD,PHY
15569,224,0.45,0.27,24.5,0,10500,0,0,0,19500,0,0,0,0,30000,QMD,PHY
36567,50,0.07,0.67,205,0,7000,0,0,0,3000,0,0,0,0,10000,QMD,PHY
33784,170,1.37,5.22,78,56000,8000,0,0,0,16000,0,0,0,0,80000,VA,PRO
24308,5.51,0.03,0.08,9.76,0,4000,0,0,0,36000,0,0,0,0,40000,QMD,PHY
48360,50,0.01,0.76,83,0,18000,0,0,0,22000,0,0,0,0,40000,VA,IAA
72745,50,0.04,1.71,26,0,28000,0,0,0,12000,0,0,0,0,40000,IGN,IAA
43424,50,0.1,0.93,28,16000,4000,0,0,0,0,0,0,0,0,20000,VA,IAA
28912,75,0.09,0.33,34,0,3000,0,0,0,27000,0,0,0,0,30000,IGN,IAA
43429,50,0.03,0.95,73,0,27000,0,0,0,3000,0,0,0,0,30000,VA,PRO
42510,50,0.07,0.78,110,0,10000,0,0,0,0,0,0,0,0,10000,VA,PRO
30050,50,0.19,1.14,91,0,20000,0,0,0,20000,0,0,0,0,40000,QMD,AAA
41089,130,0.1,0.93,29,0,18000,0,0,0,12000,0,0,0,0,30000,VA,PRO
33888,50,0.05,0.08,38,0,7000,0,0,0,3000,0,0,0,0,10000,QMD,PHY
41900,50,0.03,1.05,34,0,30000,0,0,0,30000,0,0,0,0,60000,IGN,IAA
14575,14,0.04,0.04,19.45,0,4500,0,0,0,85500,0,0,0,0,90000,IGN,AAA
47184,170,0.02,0.39,99,0,8000,0,0,0,12000,0,0,0,0,20000,IGN,AAA
45393,50,0.1,1.99,55,19000,1000,0,0,0,0,0,0,0,0,20000,VA,PRO
35519,1190,0.02,1.68,33,12500,0,0,0,0,37500,0,0,0,0,50000,IGN,AAA
56415,50,0.1,0.58,37,0,18000,0,0,0,12000,0,0,0,0,30000,QMD,PHY
75981,110,0.03,0.85,5,0,7000,0,0,0,28000,0,0,0,0,35000,VA,IAA
12115,53.6,0.22,0.49,50.4,0,7000,0,0,0,12400,0,600,0,0,20000,QMD,PHY
24046,11.35,0.59,1.63,45.7,0,9000,18000,0,0,33000,0,0,0,0,60000,QMD,AAA
45365,50,0.04,1.04,13,0,30000,0,0,0,30000,0,0,0,0,60000,VA,PRO
44907,50,0.07,0.12,24,0,4000,0,0,0,36000,0,0,0,0,40000,QMD,PHY
60795,50,0.15,2.05,24,5000,40000,0,0,0,5000,0,0,0,0,50000,VA,IAA
59987,50,0.03,0.47,41,18000,2000,0,0,0,0,0,0,0,0,20000,VA,PRO
15796,48.8,0.22,0.95,12.15,0,16000,0,0,0,24000,0,0,0,0,40000,HBX,PHY
84002,250,0.01,0.1,14,0,9000,0,0,0,21000,0,0,0,0,30000,IGN,AAA
28644,50,0.03,0.02,97,3000,12000,0,0,0,15000,0,0,0,0,30000,VA,PRO
77759,8.54,0.03,0.16,24.98,0,2000,0,0,0,18000,0,0,0,0,20000,QMD,PRO
80470,385.35,0.01,0.18,112.32,10000,10000,0,0,0,80000,0,0,0,0,100000,QMD,UAL
34654,50,0.03,0.59,615,0,21000,0,0,0,9000,0,0,0,0,30000,QMD,IAA
35055,50,0.03,2.27,15,0,30000,0,0,0,20000,0,0,0,0,50000,VA,AAA
12945,16.3,0.02,0.57,64.1,0,11900,0,0,0,22750,0,350,0,0,35000,QMD,PHY
45780,110,0.03,1.58,20,21000,0,0,0,0,49000,0,0,0,0,70000,VA,AAA
69833,50,0.12,0.91,14,3000,24000,0,0,0,3000,0,0,0,0,30000,VA,PRO
57891,50,0.06,0.28,65,0,6000,0,0,0,24000,0,0,0,0,30000,VA,PRO
24331,14,0.05,0.35,6.51,0,7000,0,0,0,93000,0,0,0,0,100000,IGN,AAA
63602,100,0.12,5.43,34,0,36000,0,0,0,24000,0,0,0,0,60000,VA,IAA
44910,50,0.06,0.13,14,0,6000,0,0,0,24000,0,0,0,0,30000,QMD,PHY
83110,180,0.14,0.84,99,0,22000,0,0,0,18000,0,0,0,0,40000,QMD,PHY
53303,50,0.03,1.84,11,0,45000,0,0,0,5000,0,0,0,0,50000,VA,AAA
84099,240,0.23,1.38,44,18000,6000,0,0,0,6000,0,0,0,0,30000,VA,IAA
17449,12.1,0.1,0.08,8.78,0,4200,0,0,0,10500,0,300,0,0,15000,QMD,PHY
78078,12.15,0.07,0.28,7.31,0,0,0,0,0,20000,0,0,0,0,20000,QMD,PRO
71378,50,0.07,0.35,15,0,10000,0,0,0,40000,0,0,0,0,50000,QMD,PHY
29641,57,0.05,0.58,240,0,18000,0,0,0,12000,0,0,0,0,30000,VA,PRO
55106,280,0.1,0.34,18,0,3000,0,0,0,27000,0,0,0,0,30000,QMD,PHY
49261,50,0.05,0.66,40,0,9000,0,0,0,21000,0,0,0,0,30000,VA,PRO
67153,50,0.17,0.84,20,0,15000,0,0,0,35000,0,0,0,0,50000,QMD,PHY
68428,50,0.02,0.3,40,0,13500,0,0,0,31500,0,0,0,0,45000,QMD,PHY
49302,50,0.02,0.83,70,0,27000,0,0,0,3000,0,0,0,0,30000,QMD,PHY
69424,50,0.11,1.21,155,0,21000,0,0,0,14000,0,0,0,0,35000,QMD,PHY
44965,50,0.14,0.34,62,0,6000,0,0,0,24000,0,0,0,0,30000,QMD,PHY
29671,25,0.03,0.31,31,0,19500,0,0,0,10500,0,0,0,0,30000,VA,PRO
75392,50,0.05,0.2,135,0,9000,0,0,0,1000,0,0,0,0,10000,QMD,PHY
18049,5.3,0.02,0.05,2.34,0,2500,0,0,0,2500,0,0,0,0,5000,QMD,PHY
46164,50,0.14,1.07,32,0,15000,0,0,0,15000,0,0,0,0,30000,QMD,PHY
84955,50,0.07,1.42,110,0,50000,0,0,0,0,0,0,0,0,50000,VA,PHY
24180,49.1,0.17,0.34,27,0,5000,0,0,0,45000,0,0,0,0,50000,QMD,UAL
12547,7.3,0.02,0.05,14.85,0,4000,0,0,0,16000,0,0,0,0,20000,QMD,PTS
35070,50,0.13,1.18,16,0,28000,0,0,0,12000,0,0,0,0,40000,VA,IAA
63707,50,0.07,0.86,98,0,24000,0,0,0,6000,0,0,0,0,30000,QMD,PHY
54249,50,0.03,1.42,17,12000,18000,0,0,0,0,0,0,0,0,30000,VA,AAA
35214,50,0.07,0.98,69,0,21000,0,0,0,9000,0,0,0,0,30000,QMD,PHY
77927,280.5,0.01,0.53,14,0,0,16500,0,0,13500,0,0,0,0,30000,QMD,AAA
60836,50,0.02,0.53,12,21000,9000,0,0,0,0,0,0,0,0,30000,VA,PRO
30391,3570,0.24,5.99,235,8000,8000,0,0,0,24000,0,0,0,0,40000,VA,IAA
29556,25,0.03,0.75,76,0,24000,0,0,0,6000,0,0,0,0,30000,IGN,IAA
54356,50,0.02,0.61,85,0,6000,0,0,0,14000,0,0,0,0,20000,VA,PRO
47004,50,0.03,1.34,33,15000,6000,0,0,0,9000,0,0,0,0,30000,IGN,IAA
44839,470,0.02,0.13,5,0,4000,0,0,0,36000,0,0,0,0,40000,QMD,AAA
78143,15.38,0.02,0.12,4.38,0,2000,0,0,0,8000,0,0,0,0,10000,QMD,PRO
37633,50,0.12,0.41,26,0,13500,0,0,0,16500,0,0,0,0,30000,QMD,PHY
30531,50,0.06,0.59,93,0,12000,0,0,0,28000,0,0,0,0,40000,VA,AAA
32413,50,0.03,1.93,185,8000,20000,4000,0,0,8000,0,0,0,0,40000,VA,IAA
62203,50,0.09,0.88,180,3000,24000,0,0,0,3000,0,0,0,0,30000,QMD,PHY
44864,280,0.16,0.15,66,0,4000,0,0,0,36000,0,0,0,0,40000,QMD,PHY
83050,250,0.2,1.27,79,15000,15000,0,0,0,0,0,0,0,0,30000,VA,PRO
57121,50,0.01,0.58,94,0,12000,0,0,0,28000,0,0,0,0,40000,IGN,AAA
65012,50,0.46,1.37,5,4000,12000,0,0,0,4000,0,0,0,0,20000,QMD,PHY
70975,50,0.14,0.76,77,0,21000,0,0,0,9000,0,0,0,0,30000,QMD,PHY
75403,50,0.02,0.08,110,0,9000,0,0,0,1000,0,0,0,0,10000,QMD,PHY
14081,29.6,0.04,0.56,68,0,6000,0,0,0,4000,0,0,0,0,10000,QMD,PHY
31897,410,0.02,1.22,43,0,0,3000,3000,0,24000,0,0,0,0,30000,IGN,AAA
69181,50,0.06,1.02,12,0,24000,0,0,0,16000,0,0,0,0,40000,VA,IAA
24326,15,0.03,0.07,9.38,0,7000,0,0,0,93000,0,0,0,0,100000,IGN,AAA
14715,5.5,0.04,0.58,26.4,0,9000,0,0,0,21000,0,0,0,0,30000,QMD,PHY
62824,50,0.13,1.74,55,0,32000,0,0,0,8000,0,0,0,0,40000,IGN,AAA
57667,50,0.06,0.44,45,0,10000,0,0,0,40000,0,0,0,0,50000,QMD,PHY
39063,50,0.07,0.94,74,0,24000,0,0,0,16000,0,0,0,0,40000,QMD,PHY
61361,340,0.16,1.01,50,0,12000,0,0,0,18000,0,0,0,0,30000,QMD,PHY
25006,25,0.01,0.17,32,0,7500,0,0,0,22500,0,0,0,0,30000,IGN,PRO
37619,50,0.11,0.27,5,0,10000,0,0,0,10000,0,0,0,0,20000,QMD,PHY
47675,130,0.04,0.65,105,0,0,0,0,0,40000,0,0,0,0,40000,IGN,AAA
53721,900,0.02,0.91,150,25000,0,0,0,0,25000,0,0,0,0,50000,IGN,AAA
16801,30,0.04,0.08,3.69,0,1500,0,0,0,3500,0,0,0,0,5000,QMD,PHY
73374,530,0.34,1.59,85,35000,10000,0,0,0,5000,0,0,0,0,50000,QMD,PHY
62851,50,0.27,3.04,15,15000,35000,0,0,0,0,0,0,0,0,50000,VA,IAA
68788,100,0.07,1.88,86,12000,3000,0,0,0,0,0,0,0,0,15000,VA,PRO
38570,100,0.07,1.08,145,0,36000,0,0,0,4000,0,0,0,0,40000,QMD,PHY
14143,26.9,0.06,0.17,23.4,0,3750,0,0,0,11250,0,0,0,0,15000,QMD,PHY
83677,130,0.04,0.79,31,6000,10000,0,0,0,4000,0,0,0,0,20000,VA,PRO
65051,50,0.18,0.47,5,6000,10000,0,0,0,4000,0,0,0,0,20000,QMD,PHY
30394,1170,0.28,5.84,270,8000,8000,0,0,0,24000,0,0,0,0,40000,VA,IAA
57345,140,0.03,0.3,5,0,5000,0,0,0,45000,0,0,0,0,50000,IGN,AAA
13920,210,0.02,0.18,65.2,0,5500,0,0,0,49500,0,0,0,0,55000,QMD,AAA
13835,15,0.05,0.11,12.75,0,3000,0,0,0,27000,0,0,0,0,30000,QMD,AAA
46995,50,0.08,1.71,115,9000,9000,0,0,0,12000,0,0,0,0,30000,IGN,IAA
39129,50,0.08,0.62,34,0,28000,0,0,0,12000,0,0,0,0,40000,QMD,PHY
34283,50,0.07,0.8,285,12000,0,0,0,0,28000,0,0,0,0,40000,QMD,AAA
23583,5.91,0.04,0.11,1.62,0,10000,0,0,0,90000,0,0,0,0,100000,QMD,UAL
29620,25,0.04,0.65,140,0,24000,0,0,0,6000,0,0,0,0,30000,VA,PRO
35078,50,0.07,1.38,30,27000,3000,0,0,0,0,0,0,0,0,30000,VA,IAA
30898,50,0.06,0.64,210,0,8000,0,0,0,2000,0,0,0,0,10000,IGN,PHY
85491,590,0.26,0.8,86,0,12000,0,0,0,18000,0,0,0,0,30000,QMD,PHY
64980,50,0.19,0.63,5,14000,4000,0,0,0,2000,0,0,0,0,20000,QMD,PHY
53282,50,0.04,1.23,5,0,32000,0,0,0,48000,0,0,0,0,80000,VA,AAA
66104,50,0.04,1.96,32,0,20000,0,0,0,20000,0,0,0,0,40000,QMD,AAA
68931,50,0.13,0.36,70,0,9000,0,0,0,21000,0,0,0,0,30000,QMD,PHY
70616,50,0.02,2.17,57,6000,12000,0,0,0,42000,0,0,0,0,60000,QMD,PHY
16072,59.3,0.02,0.07,8.91,0,100,0,0,0,9900,0,0,0,0,10000,QMD,UAL
66992,180,0.02,0.97,34,0,0,0,12000,0,28000,0,0,0,0,40000,IGN,AAA
36888,130,0.12,0.18,30,0,12000,0,0,0,18000,0,0,0,0,30000,QMD,PHY
53723,230,0.02,0.92,56,20000,0,5000,0,0,25000,0,0,0,0,50000,IGN,AAA
36933,110,0.04,0.38,75,0,6000,0,0,0,24000,0,0,0,0,30000,QMD,PHY
39231,50,0.12,0.93,115,0,16000,0,0,0,24000,0,0,0,0,40000,QMD,PHY
79196,45.61,0.02,0.02,2.34,0,0,0,0,0,10000,0,0,0,0,10000,VA,UAL
55002,50,0.04,1.66,17,0,24000,0,0,0,36000,0,0,0,0,60000,VA,IAA
29284,75,0.02,0.83,125,8000,12000,0,0,0,0,0,0,0,0,20000,VA,IAA
31558,210,0.04,1.57,100,0,24000,0,0,0,6000,0,0,0,0,30000,VA,AAA
18254,34.5,0.22,0.27,37.5,1200,4800,0,0,0,34000,0,0,0,0,40000,QMD,PHY
72122,510,0.01,0.48,17,0,0,3000,0,3000,24000,0,0,0,0,30000,IGN,AAA
37556,50,0.13,0.49,42,0,20000,0,0,0,20000,0,0,0,0,40000,QMD,PHY
77411,46.74,0.01,0.05,10.6,0,0,0,0,0,30000,0,0,0,0,30000,RHY,UAL
38573,50,0.12,1.37,70,0,24000,0,0,0,6000,0,0,0,0,30000,FLT,PHY
83689,170,0.04,0.87,110,0,18000,0,0,0,12000,0,0,0,0,30000,QMD,AAA
55611,50,0.03,0.13,12,0,5000,0,0,0,45000,0,0,0,0,50000,QMD,AAA
60694,50,0.02,0.01,5,0,0,0,0,0,10000,0,0,0,0,10000,IGN,AAA
48403,50,0.04,1.1,13,0,12000,0,0,0,28000,0,0,0,0,40000,QMD,IAA
68453,50,0.08,0.17,29,0,6000,0,0,0,24000,0,0,0,0,30000,QMD,PHY
43011,50,0.03,0.02,5,0,3000,0,0,0,27000,0,0,0,0,30000,HWS,PRO
15823,33.8,0.09,0.3,22.3,0,9000,0,0,0,21000,0,0,0,0,30000,HBX,PHY
40798,110,0.02,0.52,74,6000,12000,0,0,0,2000,0,0,0,0,20000,VA,PRO
74454,50,0.05,0.92,145,12000,3000,0,0,0,0,0,0,0,0,15000,VA,IAA
37355,50,0.18,1.13,79,0,12000,0,0,0,28000,0,0,0,0,40000,QMD,PHY
57650,50,0.02,0.52,59,0,15000,0,0,0,35000,0,0,0,0,50000,QMD,PHY
46937,110,0.02,1.87,73,0,31500,0,0,0,3500,0,0,0,0,35000,IGN,IAA
33006,50,0.05,0.43,65,4000,3000,0,0,0,3000,0,0,0,0,10000,VA,PRO
13900,546,0.01,0.27,123.5,0,7500,0,0,0,42500,0,0,0,0,50000,QMD,AAA
62979,50,0.1,0.59,85,0,12000,0,0,0,8000,0,0,0,0,20000,QMD,AAA
78479,237.5,0.03,0.24,41.25,0,8000,0,0,0,12000,0,0,0,0,20000,QMD,PHY
32003,50,0.07,2.12,28,0,28000,0,0,0,12000,0,0,0,0,40000,VA,IAA
28817,50,0.16,1.41,59,0,24000,0,0,0,56000,0,0,0,0,80000,IGN,AAA
30537,50,0.02,0.19,13,0,4000,0,0,0,16000,0,0,0,0,20000,QMD,PHY
30821,50,0.08,0.82,94,0,12000,0,0,0,8000,0,0,0,0,20000,IGN,PHY
36915,50,0.15,0.74,70,0,12000,0,0,0,28000,0,0,0,0,40000,QMD,PHY
16790,102,0.22,0.21,14.3,0,8750,0,0,0,15500,0,750,0,0,25000,QMD,PHY
29939,50,0.05,0.95,15,0,20000,0,0,0,20000,0,0,0,0,40000,VA,IAA
66063,1550,0.28,2.88,41,14000,7000,0,0,0,49000,0,0,0,0,70000,QMD,AAA
79444,110.75,0.01,0.01,5.6,0,0,0,0,0,10000,0,0,0,0,10000,QMD,UAL
36853,50,0.08,0.52,19,0,15000,0,0,0,15000,0,0,0,0,30000,QMD,PHY
15496,63.2,0.15,0.28,71.2,0,14000,0,0,0,21000,0,0,0,0,35000,QMD,PHY
76355,150,0.04,1.72,16,0,25000,0,0,0,25000,0,0,0,0,50000,VA,IAA
62926,50,0.01,0.05,5,0,0,0,0,0,20000,0,0,0,0,20000,BIGD,PHY
75994,110,0.02,0.96,10,0,20000,0,0,0,5000,0,0,0,0,25000,VA,IAA
13476,139.5,0.58,0.38,90.9,0,10500,0,0,0,18900,0,600,0,0,30000,QMD,PHY
67025,50,0.02,1.57,10,0,24000,0,0,0,6000,0,0,0,0,30000,IGN,AAA
62179,50,0.01,0.01,5,0,0,0,0,0,10000,0,0,0,0,10000,BIGD,PHY
83157,100,0.1,0.72,68,0,15000,0,0,0,35000,0,0,0,0,50000,QMD,PHY
14777,11.8,0.05,0.4,54.5,0,22750,1750,0,0,10500,0,0,0,0,35000,QMD,PHY
35209,50,0.06,0.95,100,0,18000,0,0,0,12000,0,0,0,0,30000,QMD,PHY
64413,50,0.12,1.16,79,40000,5000,0,0,0,5000,0,0,0,0,50000,QMD,PHY
16804,45.6,0.03,0.05,2.53,0,300,0,0,0,700,0,0,0,0,1000,QMD,PHY
68785,120,0.03,1.07,14,18000,2000,0,0,0,0,0,0,0,0,20000,VA,PRO
82759,110,0.07,0.17,5,0,6000,0,0,0,24000,0,0,0,0,30000,QMD,PHY
55655,50,0.01,0.39,5,0,4000,0,0,0,36000,0,0,0,0,40000,FLT,AAA
31838,50,0.02,0.13,12,0,0,0,0,0,40000,0,0,0,0,40000,IGN,AAA
58480,50,0.03,0.06,5,0,8000,0,0,0,12000,0,0,0,0,20000,IGN,PRO
37152,50,0.03,0.05,20,0,2000,0,0,0,18000,0,0,0,0,20000,IGN,AAA
62804,470,0.05,1.25,64,15000,0,0,0,0,35000,0,0,0,0,50000,IGN,AAA
47396,50,0.04,0.17,100,0,4000,0,0,0,36000,0,0,0,0,40000,QMD,PHY
76007,120,0.04,1.05,19,0,8000,0,0,0,32000,0,0,0,0,40000,VA,IAA
29882,50,0.05,1.43,5,0,24000,0,0,0,16000,0,0,0,0,40000,IGN,IAA
72794,110,0.01,0.62,85,1000,8000,0,0,0,1000,0,0,0,0,10000,VA,PRO
57961,50,0.07,0.58,18,0,16000,0,0,0,24000,0,0,0,0,40000,QMD,PHY
42416,50,0.02,0.67,73,0,18000,0,0,0,42000,0,0,0,0,60000,VA,AAA
16454,9.6,0.14,0.27,13.4,0,5000,0,0,0,20000,0,0,0,0,25000,QMD,PHY
61305,50,0.09,1.23,51,0,40000,0,0,0,0,0,0,0,0,40000,VA,IAA
16686,15.4,0.03,0.09,14.45,0,3000,0,0,0,12000,0,0,0,0,15000,QMD,PHY
36910,120,0.19,0.1,18,0,3000,0,0,0,27000,0,0,0,0,30000,BIGD,PHY
15565,126.5,0.41,0.23,20.4,0,6000,0,0,0,14000,0,0,0,0,20000,QMD,PRO
23607,19.7,0.06,0.18,3.01,0,26000,0,0,0,12000,0,2000,0,0,40000,QMD,PRO
76274,50,0.02,0.01,44,0,0,0,0,0,20000,0,0,0,0,20000,IGN,AAA
44987,50,0.16,0.62,58,0,8000,0,0,0,32000,0,0,0,0,40000,QMD,PHY
78220,16.88,0.1,0.2,13.35,0,0,0,0,0,10000,0,0,0,0,10000,QMD,PHY
48896,660,0.02,0.44,48,0,12000,0,0,0,48000,0,0,0,0,60000,IGN,AAA
52199,50,0.06,0.58,105,0,6000,0,0,0,34000,0,0,0,0,40000,IGN,AAA
34164,1020,0.05,1.18,98,0,0,12000,0,0,28000,0,0,0,0,40000,IGN,AAA
37608,50,0.3,1.19,15,0,28000,0,0,0,12000,0,0,0,0,40000,QMD,PHY
12984,3.3,0.06,0.71,111.5,0,7000,0,0,0,3000,0,0,0,0,10000,QMD,PHY
40671,50,0.08,1.48,99,0,24000,0,0,0,16000,0,0,0,0,40000,QMD,PHY
69828,50,0.1,1.37,24,2500,20000,0,0,0,2500,0,0,0,0,25000,VA,PRO
12169,5.5,0.18,0.43,8.58,900,5100,0,0,0,24000,0,0,0,0,30000,QMD,PTS
66182,50,0.09,1.29,34,20000,20000,0,0,0,0,0,0,0,0,40000,VA,PRO
78478,163,0.03,0.28,28.2,0,8000,0,0,0,12000,0,0,0,0,20000,QMD,PHY
76390,50,0.15,1.57,170,12000,8000,2000,0,0,18000,0,0,0,0,40000,QMD,PHY
69415,50,0.04,0.48,58,0,14000,0,0,0,6000,0,0,0,0,20000,QMD,PHY
54605,50,0.09,1.02,140,0,24000,0,0,0,6000,0,0,0,0,30000,IGN,PHY
36515,50,0.07,0.83,145,5000,15000,0,0,0,30000,0,0,0,0,50000,QMD,PHY
37623,50,0.26,0.54,56,0,8000,0,0,0,12000,0,0,0,0,20000,QMD,PHY
83676,50,0.05,1.03,61,10000,8000,0,0,0,2000,0,0,0,0,20000,VA,PRO
25099,2360,0.05,1.14,220,4000,0,4000,0,0,32000,0,0,0,0,40000,IGN,AAA
14668,10.5,0.66,0.48,37.8,0,22000,0,0,0,18000,0,0,0,0,40000,QMD,PHY
60725,50,0.02,0.48,18,5000,0,0,0,0,45000,0,0,0,0,50000,IGN,AAA
12508,8.4,0.08,0.15,7.78,0,3000,0,0,0,26400,0,600,0,0,30000,QMD,PTS
16595,58.8,0.27,0.09,19.4,0,3750,0,0,0,21250,0,0,0,0,25000,QMD,PHY
58002,50,0.11,0.72,27,0,21000,0,0,0,9000,0,0,0,0,30000,QMD,PHY
43494,50,0.14,0.62,76,0,15000,0,0,0,15000,0,0,0,0,30000,QMD,PHY
18512,25,0.06,0.07,5.06,0,8750,0,0,0,26250,0,0,0,0,35000,QMD,PHY
29502,230,0.04,0.92,110,9000,3000,0,0,0,18000,0,0,0,0,30000,IGN,AAA
40787,100,0.02,0.61,84,6000,18000,0,0,0,6000,0,0,0,0,30000,VA,PRO
16134,111.5,0.17,1.45,172.5,0,24000,0,0,0,16000,0,0,0,0,40000,QMD,PHY
59962,150,0.14,1.38,18,12000,20000,0,0,0,8000,0,0,0,0,40000,VA,PRO
15550,16.9,0.03,0.14,8.56,0,7500,0,0,0,22500,0,0,0,0,30000,QMD,PRO
18120,169,0.07,0.85,68.5,7000,15400,0,0,0,47600,0,0,0,0,70000,QMD,IAA
73472,170,0.18,1.82,105,14000,4000,0,0,0,22000,0,0,0,0,40000,QMD,PHY
30348,220,0.08,2.47,35,0,24000,0,0,0,16000,0,0,0,0,40000,VA,AAA
79941,23.91,0.01,0.05,23.35,0,0,0,0,0,100000,0,0,0,0,100000,QMD,PRO
42019,150,0.06,1.06,140,0,36000,0,0,0,4000,0,0,0,0,40000,QMD,PHY
70572,50,0.07,2.15,5,22175,27825,0,0,0,0,0,0,0,0,50000,VA,PHY
26987,50,0.03,0.78,195,0,20000,0,0,0,20000,0,0,0,0,40000,VA,IAA
29937,50,0.03,0.6,11,0,20000,0,0,0,20000,0,0,0,0,40000,VA,IAA
61328,120,0.03,0.69,48,2000,6000,0,0,0,12000,0,0,0,0,20000,QMD,PHY
79867,9.94,0.02,0.11,4.5,0,0,0,0,0,70000,0,0,0,0,70000,QMD,PHY
37606,50,0.17,0.29,14,0,21000,0,0,0,9000,0,0,0,0,30000,QMD,PHY
14714,13,0.23,0.61,26.1,0,9000,0,0,0,21000,0,0,0,0,30000,QMD,PHY
26941,180,0.03,0.56,245,0,16000,0,0,0,24000,0,0,0,0,40000,IGN,IAA
36943,50,0.13,0.73,50,0,12000,0,0,0,18000,0,0,0,0,30000,QMD,PHY
31934,120,0.01,0.48,10,6000,0,0,0,0,24000,0,0,0,0,30000,VA,IAA
12205,2.9,0.32,0.63,24.2,0,4000,0,0,0,36000,0,0,0,0,40000,QMD,PTS
84046,50,0.03,0.73,27,3000,5000,0,0,0,2000,0,0,0,0,10000,VA,PRO
36914,50,0.11,0.78,27,0,12000,0,0,0,28000,0,0,0,0,40000,QMD,PHY
23589,6.39,0.04,0.1,3.7,0,10000,0,0,0,90000,0,0,0,0,100000,QMD,UAL
54301,50,0.03,0.88,82,2000,12000,0,0,0,6000,0,0,0,0,20000,VA,PRO
36206,360,0.02,0.35,110,0,9000,0,0,0,21000,0,0,0,0,30000,IGN,AAA
36903,50,0.01,0.01,5,0,1000,0,0,0,9000,0,0,0,0,10000,BIGD,PHY
42501,50,0.02,0.41,99,0,20000,0,0,0,0,0,0,0,0,20000,VA,PRO
12575,21.4,0.12,0.15,3.76,0,12000,0,0,0,28000,0,0,0,0,40000,QMD,PHY
24498,87.6,0.07,0.28,6.36,0,2000,0,0,0,38000,0,0,0,0,40000,QMD,AAA
78694,39.05,0.82,1.95,25.73,20000,40000,10000,0,0,30000,0,0,0,0,100000,QMD,PHY
67431,280,0.05,1.59,56,20000,0,0,0,0,30000,0,0,0,0,50000,IGN,AAA
29075,430,0.05,0.92,32,12000,0,0,0,0,28000,0,0,0,0,40000,IGN,AAA
47342,50,0.05,0.87,200,4000,16000,0,0,0,20000,0,0,0,0,40000,VA,IAA
18117,318,0.03,0.5,45.2,3250,16250,0,0,0,45500,0,0,0,0,65000,QMD,IAA
30253,116,0.02,0.17,16,0,12000,0,0,0,28000,0,0,0,0,40000,IGN,AAA
44799,50,0.09,0.2,5,0,8000,0,0,0,32000,0,0,0,0,40000,QMD,PHY
83688,50,0.04,0.7,74,0,12000,0,0,0,8000,0,0,0,0,20000,QMD,AAA
18817,9.52,0.08,0.22,12,0,4000,0,0,0,46000,0,0,0,0,50000,QMD,PHY
48864,50,0.05,1.17,205,0,18000,0,0,0,12000,0,0,0,0,30000,QMD,IAA
68276,50,0.02,1.62,155,0,8000,0,0,0,12000,0,0,0,0,20000,IGN,AAA
50157,50,0.09,0.14,20,0,10000,0,0,0,40000,0,0,0,0,50000,QMD,PHY
60767,700,0.05,1.71,45,0,35000,0,0,0,15000,0,0,0,0,50000,IGN,AAA
79117,4330.4,0.13,1.57,66.68,7500,5000,0,0,0,37500,0,0,0,0,50000,QMD,PHY
73363,50,0.18,0.85,5,2000,12000,0,0,0,6000,0,0,0,0,20000,QMD,PHY
32442,50,0.03,2.21,23,12000,6000,9000,0,0,3000,0,0,0,0,30000,VA,IAA
82576,50,0.05,2.35,38,0,40000,0,0,0,0,0,0,0,0,40000,VA,AAA
67085,240,0.17,1.73,110,24000,6000,0,0,0,30000,0,0,0,0,60000,QMD,PHY
85568,50,0.09,0.51,34,0,12000,0,0,0,8000,0,0,0,0,20000,QMD,PHY
24619,164.06,0.02,0.68,22.71,5000,10000,0,0,0,35000,0,0,0,0,50000,IGN,AAA
45764,790,0.1,2.84,91,28000,7000,0,0,0,35000,0,0,0,0,70000,IGN,AAA
83119,160,0.21,1.44,100,0,20000,0,0,0,20000,0,0,0,0,40000,QMD,PHY
80773,83.22,0.04,0.13,33.83,0,10000,0,0,0,40000,0,0,0,0,50000,QMD,PHY
13863,280,0.02,0.27,66.3,0,5000,0,0,0,45000,0,0,0,0,50000,QMD,IAA
35522,50,0.02,1.59,40,0,36000,0,0,0,4000,0,0,0,0,40000,IGN,AAA
33843,50,0.03,0.87,120,0,20000,0,0,0,30000,0,0,0,0,50000,VA,PRO
13731,18,0.01,0.12,7.52,0,3000,0,0,0,27000,0,0,0,0,30000,QMD,AAA
53732,1010,0.01,1.17,34,20000,0,0,0,0,30000,0,0,0,0,50000,IGN,AAA
29180,50,0.02,1.36,5,0,15000,0,0,0,15000,0,0,0,0,30000,VA,IAA
55497,50,0.08,1.27,95,24000,16000,0,0,0,0,0,0,0,0,40000,FLT,AAA
80382,7.86,0.01,0.05,5.61,0,16000,0,0,0,64000,0,0,0,0,80000,QMD,PHY
12083,7.9,0.12,0.51,29,0,12000,0,0,0,18000,0,0,0,0,30000,QMD,PHY
32506,430,0.06,2.48,350,8000,8000,0,0,0,24000,0,0,0,0,40000,QMD,IAA
30096,110,0.11,0.64,170,0,19500,0,0,0,10500,0,0,0,0,30000,QMD,AAA
68762,2250,0.68,4.84,5,27000,0,9000,0,0,9000,0,0,0,0,45000,QMD,AAA
55838,140,0.42,0.93,48,3000,21000,0,0,0,6000,0,0,0,0,30000,QMD,PHY
48440,50,0.01,0.5,62,12000,12000,0,0,0,6000,0,0,0,0,30000,VA,PRO
17479,8,0.07,0.25,5.96,0,4000,0,0,0,6000,0,0,0,0,10000,QMD,PRO
65003,50,0.15,0.57,5,0,3000,0,0,0,7000,0,0,0,0,10000,QMD,PHY
32056,50,0.08,0.98,78,8000,2000,0,0,0,10000,0,0,0,0,20000,VA,PRO
83076,130,0.06,1.06,59,0,21000,0,0,0,9000,0,0,0,0,30000,VA,PRO
53804,50,0.07,2.84,17,36000,4000,0,0,0,0,0,0,0,0,40000,VA,IAA
32572,590,0.1,1.57,180,0,24000,8000,0,0,48000,0,0,0,0,80000,QMD,AAA
53758,460,0.03,1.41,24,12000,0,4000,0,0,24000,0,0,0,0,40000,VA,AAA
32562,720,0.11,1.76,305,0,24000,4000,0,0,12000,0,0,0,0,40000,QMD,AAA
82696,330,0.03,0.72,160,0,36000,0,0,0,4000,0,0,0,0,40000,VA,PRO
39033,50,0.06,1.44,10,0,35000,0,0,0,15000,0,0,0,0,50000,QMD,PHY
28461,50,0.07,1.2,36,6000,12000,0,0,0,12000,0,0,0,0,30000,VA,AAA
67523,50,0.02,1.36,82,1000,5000,0,0,0,4000,0,0,0,0,10000,VA,IAA
17361,218,0.17,0.13,3.75,0,10800,0,0,0,28000,0,1200,0,0,40000,QMD,PHY
55469,340,0.03,0.82,82,0,28000,0,0,0,12000,0,0,0,0,40000,QMD,AAA
14158,22.2,0.11,0.33,10.15,0,3000,0,0,0,7000,0,0,0,0,10000,QMD,PHY
60709,140,0.02,0.14,26,4000,0,0,0,0,36000,0,0,0,0,40000,IGN,AAA
76043,50,0.05,0.82,56,0,12000,0,0,0,18000,0,0,0,0,30000,VA,IAA
74430,50,0.03,1.11,61,17500,5000,0,0,0,2500,0,0,0,0,25000,VA,IAA
79254,338.1,0.04,0.47,231.77,10000,10000,0,0,0,80000,0,0,0,0,100000,QMD,PHY
50032,50,0.02,0.91,32,5000,25000,0,0,0,20000,0,0,0,0,50000,IGN,AAA
24905,234,0.02,0.09,9.41,0,6000,0,0,0,54000,0,0,0,0,60000,QMD,PHY
53423,120,0.41,0.78,125,0,12000,0,0,0,28000,0,0,0,0,40000,QMD,PHY
47262,50,0.03,0.55,75,0,12000,0,0,0,8000,0,0,0,0,20000,IGN,AAA
57579,50,0.08,1.63,76,0,24000,0,0,0,56000,0,0,0,0,80000,VA,IAA
65000,50,0.34,1.02,5,2000,2000,0,0,0,6000,0,0,0,0,10000,QMD,PHY
35028,50,0.14,3.08,11,0,55000,0,0,0,0,0,0,0,0,55000,VA,IAA
29144,50,0.07,2.33,10,0,27500,0,0,0,22500,0,0,0,0,50000,VA,IAA
34308,50,0.05,0.71,105,0,12000,0,0,0,18000,0,0,0,0,30000,QMD,AAA
47199,50,0.01,0.71,92,3000,0,0,0,15000,12000,0,0,0,0,30000,IGN,AAA
17063,56.6,0.3,0.08,9.23,0,5600,0,0,0,14000,0,400,0,0,20000,QMD,PHY
77720,49.35,0.07,0.27,20.63,0,6000,0,0,0,24000,0,0,0,0,30000,QMD,PHY
45733,280,0.01,1.02,43,8000,8000,0,0,4000,20000,0,0,0,0,40000,IGN,AAA
12338,9.3,0.11,0.5,116.5,0,9000,0,0,0,19500,0,1500,0,0,30000,QMD,PTS
24285,14.75,0.07,0.52,16.45,3500,14000,0,0,0,52500,0,0,0,0,70000,IGN,AAA
54660,50,0.12,0.73,5,0,27000,0,0,0,18000,0,0,0,0,45000,QMD,PHY
39264,50,0.1,0.89,50,0,12000,0,0,0,18000,0,0,0,0,30000,QMD,PHY
83156,140,0.07,0.69,66,0,12000,0,0,0,28000,0,0,0,0,40000,QMD,PHY
75276,50,0.07,1.33,5,0,50000,0,0,0,0,0,0,0,0,50000,VA,PRO
31161,50,0.12,2.43,39,0,24000,0,0,0,6000,0,0,0,0,30000,VA,IAA
28410,50,0.01,0.86,31,0,6000,0,0,0,14000,0,0,0,0,20000,IGN,AAA
16472,49.5,0.23,0.08,10.75,0,1500,0,0,0,13500,0,0,0,0,15000,QMD,PHY
76083,50,0.07,0.54,39,0,15000,0,0,0,15000,0,0,0,0,30000,QMD,AAA
12219,1.6,0.25,0.49,26.2,1250,7500,0,0,0,15750,0,500,0,0,25000,QMD,PTS
36884,140,0.07,0.84,25,0,10000,0,0,0,10000,0,0,0,0,20000,QMD,PHY
31488,50,0.09,1.58,88,6000,6000,3000,0,0,15000,0,0,0,0,30000,VA,IAA
38552,50,0.07,3.34,5,0,50000,0,0,0,0,0,0,0,0,50000,VA,IAA
67460,140,0.04,3.61,29,5000,35000,0,0,0,10000,0,0,0,0,50000,VA,IAA
49591,50,0.01,0.63,47,0,16000,0,0,0,24000,0,0,0,0,40000,IGN,AAA
16188,63.9,0.2,0.11,49.6,0,7000,0,0,0,28000,0,0,0,0,35000,QMD,PHY
15582,170.5,0.31,0.41,53.6,0,14000,0,0,0,21000,0,0,0,0,35000,QMD,PHY
46688,50,0.03,0.62,59,0,28000,0,0,0,12000,0,0,0,0,40000,VA,PRO
34616,50,0.02,1.04,260,0,18000,0,0,0,12000,0,0,0,0,30000,IGN,IAA
30389,500,0.19,3.84,345,8000,8000,0,0,0,24000,0,0,0,0,40000,VA,IAA
15588,108.5,0.27,0.23,16.3,0,10500,0,0,0,19500,0,0,0,0,30000,QMD,PHY
13353,46.2,0.2,0.13,32.9,0,12250,0,0,0,22750,0,0,0,0,35000,QMD,PHY
69238,300,0.09,1.21,34,7000,3500,0,0,0,24500,0,0,0,0,35000,QMD,AAA
80541,375.8,0.01,0.51,3.36,7500,15000,0,0,0,127500,0,0,0,0,150000,QMD,PRO
37981,110,0.04,0.28,15,0,6000,0,0,6000,48000,0,0,0,0,60000,QMD,AAA
84119,50,0.05,0.7,205,5000,45000,0,0,0,0,0,0,0,0,50000,QMD,PHY
46512,50,0.02,0.6,23,0,16000,0,0,0,24000,0,0,0,0,40000,IGN,IAA
29211,50,0.02,1.22,26,8000,10000,0,0,0,2000,0,0,0,0,20000,VA,IAA
24552,10.85,0.01,0.03,10.75,0,1500,0,0,0,28500,0,0,0,0,30000,QMD,AAA
37701,50,0.36,0.2,11,0,8000,0,0,0,32000,0,0,0,0,40000,QMD,PHY
24480,7.44,0.08,0.44,39.5,0,0,0,0,0,150000,0,0,0,0,150000,VA,IAA
37498,50,0.11,0.46,125,0,21000,0,0,0,9000,0,0,0,0,30000,QMD,PHY
82566,50,0.09,3.97,42,15000,35000,0,0,0,0,0,0,0,0,50000,VA,IAA
35045,50,0.08,3.15,5,0,54000,0,0,0,6000,0,0,0,0,60000,VA,IAA
39210,50,0.05,0.73,96,0,15000,0,0,0,15000,0,0,0,0,30000,QMD,PHY
74344,50,0.08,2.04,11,5000,30000,0,0,0,15000,0,0,0,0,50000,IGN,IAA
77730,38.5,0.08,0.26,37.9,0,6000,0,0,0,24000,0,0,0,0,30000,QMD,PHY
83042,180,0.05,1.5,48,15145.9,9354.1,0,0,0,0,0,0,0,0,24500,VA,PRO
61359,240,0.07,0.3,94,0,5000,0,0,0,5000,0,0,0,0,10000,QMD,PHY
53430,310,0.44,0.81,155,0,9000,0,0,0,21000,0,0,0,0,30000,QMD,PHY
65884,250,0.01,0.21,300,4000,0,0,0,6000,10000,0,0,0,0,20000,IGN,AAA
24490,28.3,0.04,0.22,5.62,0,2000,0,0,0,38000,0,0,0,0,40000,QMD,AAA
40722,110,0.39,2.52,67,20000,5000,0,0,0,0,0,0,0,0,25000,VA,IAA
75306,100,0.06,0.73,19,6250,16250,0,0,0,2500,0,0,0,0,25000,VA,PRO
34329,50,0.1,0.72,68,0,25000,0,0,0,25000,0,0,0,0,50000,QMD,AAA
12117,17.4,0.18,0.65,22.5,0,9000,0,0,0,21000,0,0,0,0,30000,QMD,PHY
29456,320,0.01,0.26,190,4000,4000,4000,0,0,28000,0,0,0,0,40000,IGN,AAA
29841,50,0.02,0.99,12,6000,12000,0,0,0,12000,0,0,0,0,30000,IGN,IAA
35227,50,0.13,1.03,69,0,24000,0,0,0,36000,0,0,0,0,60000,QMD,PHY
35639,50,0.04,1.34,230,3000,21000,0,0,0,6000,0,0,0,0,30000,VA,PRO
32901,50,0.02,1.26,38,0,28000,0,0,0,12000,0,0,0,0,40000,VA,IAA
78788,61.55,0.16,0.09,6.73,0,12000,0,0,0,18000,0,0,0,0,30000,QMD,PHY
12455,2.6,0.03,0.13,4.39,0,2000,0,0,0,7800,0,200,0,0,10000,QMD,PTS
75961,50,0.04,1.13,10,4500,11250,0,0,0,29250,0,0,0,0,45000,VA,AAA
37528,50,0.28,0.58,91,0,22500,0,0,0,7500,0,0,0,0,30000,QMD,PHY
16190,40.1,0.1,0.15,14.8,0,3000,0,0,0,17000,0,0,0,0,20000,QMD,PHY
18507,41.8,0.07,0.06,4.45,0,7000,0,0,0,28000,0,0,0,0,35000,QMD,PHY
45030,50,0.02,0.26,5,0,4000,0,0,0,6000,0,0,0,0,10000,QMD,PHY
40274,100,0.07,0.71,25,0,15000,0,0,0,15000,0,0,0,0,30000,QMD,PHY
34211,50,0.22,2.94,42,60000,0,0,0,0,0,0,0,0,0,60000,VA,IAA
75410,50,0.02,0.01,23,0,15750,0,0,0,1750,0,0,0,0,17500,QMD,PHY
85701,50,0.04,0.38,24,0,14000,0,0,0,6000,0,0,0,0,20000,QMD,PHY
62910,50,0.18,0.96,91,5000,5000,0,0,0,0,0,0,0,0,10000,FLT,PHY
33350,50,0.04,1.85,25,10000,8000,0,0,0,2000,0,0,0,0,20000,VA,PRO
57879,50,0.03,0.01,5,0,0,0,0,0,30000,0,0,0,0,30000,BIGD,PRO
37175,160,0.04,0.04,32,0,6000,0,0,0,24000,0,0,0,0,30000,IGN,AAA
79543,66.5,0.05,1.79,35.88,1500,1500,1500,7500,7500,130500,0,0,0,0,150000,QMD,AAA
34805,50,0.19,0.19,23,0,10000,0,0,2000,8000,0,0,0,0,20000,QMD,PHY
39122,50,0.09,0.55,66,0,21000,0,0,0,9000,0,0,0,0,30000,QMD,PHY
33242,50,0.32,3.16,71,20000,20000,0,0,0,0,0,0,0,0,40000,QMD,AAA
14761,9.7,0.05,0.46,29.2,0,22750,0,1750,0,10500,0,0,0,0,35000,QMD,PTS
17433,239,0.48,0.11,27.3,0,7000,0,0,0,60900,0,2100,0,0,70000,QMD,PRO
29334,738,0.08,0.34,320,0,5000,0,0,2500,42500,0,0,0,0,50000,QMD,AAA
24533,49.3,0.07,0.14,11.65,0,1750,0,0,0,33250,0,0,0,0,35000,QMD,AAA
72189,50,0.02,0.43,36,6000,3000,0,0,0,1000,0,0,0,0,10000,VA,PRO
80778,15.6,0.01,0.05,12.07,0,10000,0,0,0,40000,0,0,0,0,50000,QMD,PHY
23970,11.3,0.15,0.35,45.4,0,16875,0,0,0,50625,0,0,0,0,67500,QMD,PHY
37889,50,0.01,0.03,34,0,3000,3000,0,3000,21000,0,0,0,0,30000,IGN,AAA
58499,50,0.06,0.79,17,0,10000,0,0,0,40000,0,0,0,0,50000,HBX,PHY
69959,50,0.03,1.13,72,0,18000,0,0,0,12000,0,0,0,0,30000,FLT,PRO
53346,50,0.07,0.8,21,1000,8000,0,0,0,1000,0,0,0,0,10000,VA,PRO
67187,50,0.04,0.42,17,0,6000,0,0,0,4000,0,0,0,0,10000,QMD,PHY
29989,50,0.02,0.83,79,0,16000,0,0,0,24000,0,0,0,0,40000,VA,IAA
35008,50,0.02,0.84,26,0,24000,0,0,0,36000,0,0,0,0,60000,FLT,IAA
77453,17.95,0.03,0.07,8.41,0,400,400,0,0,39200,0,0,0,0,40000,QMD,IAA
31610,110,0.03,0.54,115,0,20000,0,0,0,20000,0,0,0,0,40000,QMD,IAA
13734,11.8,0.03,0.13,28.6,0,5250,0,0,0,29750,0,0,0,0,35000,QMD,AAA
33205,50,0.03,1.65,5,0,24000,0,0,0,16000,0,0,0,0,40000,IGN,IAA
14025,49.3,0.32,0.22,89.4,0,9000,0,0,0,51000,0,0,0,0,60000,QMD,PHY
46522,50,0.03,0.92,25,0,20000,0,0,0,30000,0,0,0,0,50000,VA,IAA
84954,50,0.08,1.71,48,0,50000,0,0,0,0,0,0,0,0,50000,VA,PHY
85673,50,0.85,0.05,5,0,4000,0,0,0,36000,0,0,0,0,40000,QMD,PHY
29957,50,0.06,1.28,5,0,20000,0,0,0,20000,0,0,0,0,40000,VA,IAA
44926,50,0.1,0.15,40,0,9000,0,0,0,21000,0,0,0,0,30000,QMD,PHY
80327,54.35,0.01,0.14,7.84,8000,24000,0,0,0,48000,0,0,0,0,80000,QMD,PHY
45676,620,0.02,0.35,15,0,15000,0,0,0,35000,0,0,0,0,50000,IGN,AAA
56408,50,0.1,0.64,62,0,12000,0,0,0,18000,0,0,0,0,30000,QMD,PHY
29460,480,0.04,0.43,200,3000,6000,0,0,0,21000,0,0,0,0,30000,IGN,AAA
63578,50,0.01,0.96,5,2500,17500,0,0,0,5000,0,0,0,0,25000,VA,IAA
33237,50,0.02,0.62,67,0,35000,0,0,0,15000,0,0,0,0,50000,QMD,AAA
79669,370.6,0.02,0.33,134.3,12000,4000,0,0,0,64000,0,0,0,0,80000,QMD,PRO
46599,50,0.26,5.58,11,20000,20000,0,0,0,10000,0,0,0,0,50000,QMD,PRO
67526,50,0.03,1.16,105,1000,4000,0,0,0,5000,0,0,0,0,10000,VA,IAA
55059,50,0.08,1.55,105,0,36000,0,0,0,24000,0,0,0,0,60000,VA,PRO
43409,50,0.02,0.81,65,0,24000,0,0,0,16000,0,0,0,0,40000,QMD,PHY
25416,50,0.01,0.3,33,0,16000,0,0,0,24000,0,0,0,0,40000,QMD,IAA
16018,14.4,0.03,0.18,10.35,0,4500,0,0,0,25500,0,0,0,0,30000,QMD,PHY
15486,12.4,0.26,0.65,29.2,0,10000,0,0,0,15000,0,0,0,0,25000,QMD,PHY
72644,380,0.01,1.2,37,3000,6000,0,0,0,51000,0,0,0,0,60000,IGN,IAA
77867,37,0.02,0.08,4.49,3500,3500,0,0,0,63000,0,0,0,0,70000,QMD,PHY
82524,50,0.03,0.94,38,0,15000,0,0,0,35000,0,0,0,0,50000,IGN,AAA
53699,50,0.01,0.21,41,4000,2000,0,0,2000,12000,0,0,0,0,20000,IGN,AAA
76322,210,0.03,0.28,31,5000,0,0,0,0,45000,0,0,0,0,50000,IGN,AAA
76432,110,0.02,0.98,38,10000,0,0,0,0,0,0,0,0,0,10000,VA,PRO
42363,50,0.01,0.7,17,0,12000,0,0,0,48000,0,0,0,0,60000,IGN,IAA
32837,50,0.02,2.05,16,0,40000,0,0,0,10000,0,0,0,0,50000,VA,IAA
76303,270,0.05,0.18,37,5000,0,0,0,0,45000,0,0,0,0,50000,IGN,AAA
35608,50,0.04,0.91,79,10000,0,0,0,0,0,0,0,0,0,10000,VA,PRO
76329,200,0.01,0.69,41,8000,0,0,0,0,32000,0,0,0,0,40000,IGN,AAA
44922,50,0.06,0.24,44,0,6000,0,0,0,24000,0,0,0,0,30000,QMD,PHY
13057,10.6,0.13,0.73,88.3,0,12500,0,0,0,12500,0,0,0,0,25000,QMD,PHY
44783,50,0.14,1.22,39,0,24000,0,0,0,16000,0,0,0,0,40000,QMD,PHY
79016,81.79,0.02,0.2,4.26,0,18000,0,0,0,42000,0,0,0,0,60000,QMD,AAA
58022,50,0.12,0.69,25,0,16000,0,0,0,24000,0,0,0,0,40000,QMD,PHY
18575,245,0.04,0.22,90.5,0,11200,0,0,0,28000,0,800,0,0,40000,QMD,PHY
61200,290,0.01,0.18,100,0,0,0,0,8000,32000,0,0,0,0,40000,IGN,AAA
70977,50,0.1,0.92,145,0,21000,0,0,0,9000,0,0,0,0,30000,QMD,PHY
72139,50,0.02,0.92,26,0,16000,0,0,0,24000,0,0,0,0,40000,VA,IAA
33307,50,0.09,0.87,18,4000,10000,0,0,0,6000,0,0,0,0,20000,QMD,AAA
62347,50,0.13,0.74,22,0,24000,0,0,0,6000,0,0,0,0,30000,QMD,PHY
31665,50,0.03,0.17,12,0,9000,0,0,0,21000,0,0,0,0,30000,QMD,PHY
34249,50,0.22,1.25,58,13500,1500,0,0,0,0,0,0,0,0,15000,VA,PRO
30399,260,0.1,1.72,190,4000,12000,0,0,0,24000,0,0,0,0,40000,VA,IAA
74329,180,0.05,1.17,19,0,20000,0,0,0,30000,0,0,0,0,50000,IGN,AAA
78324,30.2,0.07,0.08,5.29,0,0,0,0,0,10000,0,0,0,0,10000,QMD,PHY
35125,50,0.07,0.67,41,0,25000,0,0,0,0,0,0,0,0,25000,VA,IAA
43443,50,0.05,0.73,150,0,24000,0,0,0,6000,0,0,0,0,30000,VA,PRO
58088,50,0.21,0.43,34,0,10500,0,0,0,19500,0,0,0,0,30000,QMD,PHY
17185,143.5,0.01,0.35,88.2,0,6000,0,0,0,54000,0,0,0,0,60000,QMD,PHY
16110,11.8,0.03,0.07,9.84,0,100,0,0,0,9900,0,0,0,0,10000,QMD,UAL
45845,50,0.01,0.98,36,6000,24000,0,0,0,0,0,0,0,0,30000,VA,IAA
55396,150,0.1,1.43,41,0,24000,0,0,0,16000,0,0,0,0,40000,QMD,AAA
23765,40.6,0.22,0.11,43.1,0,3149,0,0,0,23651,0,0,0,0,26800,QMD,UAL
30475,50,0.01,0.82,205,6000,3000,0,0,0,21000,0,0,0,0,30000,VA,IAA
48402,50,0.05,1.04,40,0,12000,0,0,0,18000,0,0,0,0,30000,QMD,IAA
31133,50,0.02,1.39,47,0,18000,0,0,0,12000,0,0,0,0,30000,VA,IAA
57037,50,0.04,0.78,39,9000,0,0,0,0,21000,0,0,0,0,30000,IGN,AAA
80356,13.42,0.02,0.27,36.25,0,30000,0,0,0,70000,0,0,0,0,100000,QMD,PHY
36492,150,0.04,0.48,55,0,12000,0,0,0,48000,0,0,0,0,60000,QMD,AAA
78060,10.13,0.06,0.11,4.93,0,8000,0,0,0,12000,0,0,0,0,20000,QMD,PRO
35645,50,0.01,1.53,200,0,15000,0,0,0,35000,0,0,0,0,50000,QMD,PHY
34629,50,0.02,1.97,210,9000,12000,0,0,0,9000,0,0,0,0,30000,IGN,AAA
78377,77.95,0.01,0.06,9.27,0,0,0,0,0,10000,0,0,0,0,10000,QMD,PRO
36897,50,0.05,0.2,34,0,6000,0,0,0,24000,0,0,0,0,30000,QMD,PHY
82715,50,0.02,0.08,34,0,12000,0,0,0,18000,0,0,0,0,30000,QMD,AAA
44031,200,0.53,0.76,185,0,20000,0,0,0,20000,0,0,0,0,40000,QMD,PHY
33402,50,0.02,0.51,67,4000,1000,0,0,0,5000,0,0,0,0,10000,VA,PRO
33446,50,0.02,0.46,44,4000,4000,0,0,0,2000,0,0,0,0,10000,VA,PRO
55661,50,0.02,0.11,23,0,9000,0,0,0,21000,0,0,0,0,30000,IGN,AAA
79873,20.37,0.02,0.07,5.41,0,15000,0,0,0,35000,0,0,0,0,50000,QMD,PHY
12273,6.2,0.46,0.55,17.9,1200,16800,0,0,0,22000,0,0,0,0,40000,QMD,PTS
65958,50,0.02,1.01,59,0,25000,0,0,0,25000,0,0,0,0,50000,IGN,AAA
53397,50,0.02,0.01,5,0,24000,0,0,0,6000,0,0,0,0,30000,QMD,PHY
47656,280,0.03,0.97,170,0,0,0,0,16000,24000,0,0,0,0,40000,IGN,AAA
62202,50,0.14,0.86,105,3000,21000,0,0,0,6000,0,0,0,0,30000,QMD,PHY
43457,50,0.21,0.9,155,0,24000,0,0,0,16000,0,0,0,0,40000,QMD,PHY
31871,510,0.01,0.74,27,3000,6000,0,3000,0,18000,0,0,0,0,30000,IGN,AAA
48415,50,0.01,0.39,20,0,16000,0,0,0,4000,0,0,0,0,20000,BIGD,PRO
86074,50,0.12,1.11,41,2000,8000,0,0,0,0,0,0,0,0,10000,VA,PRO
33884,210,0.04,1.11,215,3000,27000,0,0,0,0,0,0,0,0,30000,QMD,PHY
35096,50,0.03,0.92,94,10000,15000,0,0,0,0,0,0,0,0,25000,VA,IAA
72747,50,0.02,1.79,26,0,25000,0,0,0,25000,0,0,0,0,50000,IGN,IAA
18278,66.5,0.17,2.16,24.5,16250,30550,0,0,0,16250,0,1950,0,0,65000,HBX,PHY
42460,190,0.03,0.97,150,15000,9000,0,0,0,6000,0,0,0,0,30000,VA,IAA
72718,50,0.11,1.79,18,24000,12000,0,0,0,4000,0,0,0,0,40000,QMD,PHY
23948,14.05,0.15,0.6,77.2,3000,15000,15000,4500,0,112500,0,0,0,0,150000,QMD,PHY
54573,50,0.08,0.69,200,0,16000,0,0,0,24000,0,0,0,0,40000,IGN,AAA
62377,50,0.04,0.09,21,0,0,0,0,0,30000,0,0,0,0,30000,QMD,PHY
69325,710,0.04,0.26,225,0,3000,0,0,6000,21000,0,0,0,0,30000,QMD,AAA
65950,2600,0.02,1,47,12000,0,0,0,8000,20000,0,0,0,0,40000,IGN,AAA
32059,50,0.07,1.42,94,2000,18000,0,0,0,0,0,0,0,0,20000,VA,PRO
74451,50,0.07,2.93,160,12000,24000,0,0,0,4000,0,0,0,0,40000,VA,IAA
13821,10.5,0.02,0.11,13.25,0,8000,0,0,0,32000,0,0,0,0,40000,QMD,AAA
49685,50,0.03,0.42,88,0,12000,0,0,0,18000,0,0,0,0,30000,VA,PRO
80022,110.1,0.11,0.37,237.02,0,0,0,0,0,100000,0,0,0,0,100000,QMD,UAL
47338,50,0.07,1.07,215,6000,12000,0,0,0,12000,0,0,0,0,30000,VA,IAA
31170,50,0.13,2.46,88,16000,12000,0,0,0,12000,0,0,0,0,40000,VA,IAA
53764,110,0.02,1.17,19,24000,0,0,0,0,36000,0,0,0,0,60000,VA,AAA
78511,23.25,0.01,0.04,9.18,0,12000,0,0,0,18000,0,0,0,0,30000,QMD,PHY
53030,170,0.45,0.89,125,0,15000,0,0,0,35000,0,0,0,0,50000,VA,PRO
55350,50,0.11,1.87,5,0,24000,0,0,0,16000,0,0,0,0,40000,VA,IAA
57880,50,0.05,0.08,20,0,5200,0,0,0,20800,0,0,0,0,26000,BIGD,PRO
53718,180,0.02,0.81,120,20000,0,0,0,0,20000,0,0,0,0,40000,IGN,AAA
12309,27.3,0.29,0.89,9.92,0,13500,0,0,0,16500,0,0,0,0,30000,QMD,PHY
35097,390,0.06,1.2,135,15000,15000,0,0,0,0,0,0,0,0,30000,VA,IAA
51942,50,0.01,0.51,64,6000,12000,0,0,0,12000,0,0,0,0,30000,VA,PRO
48880,50,0.03,0.58,71,0,15000,0,0,0,15000,0,0,0,0,30000,VA,IAA
62261,50,0.01,0.04,5,0,1000,0,0,0,9000,0,0,0,0,10000,BIGD,PHY
55717,50,0.01,0.11,26,0,6000,0,0,0,24000,0,0,0,0,30000,VA,PRO
65855,210,0.03,0.39,12,2000,0,0,0,0,18000,0,0,0,0,20000,IGN,AAA
71345,50,0.05,0.18,25,0,12000,0,0,0,8000,0,0,0,0,20000,VA,IAA
76292,50,0.03,0.03,25,0,6000,0,0,0,24000,0,0,0,0,30000,IGN,AAA
85692,50,0.14,1.03,84,0,21000,0,0,0,9000,0,0,0,0,30000,QMD,PHY
18580,116.5,0.02,0.13,6.91,0,8000,0,0,0,32000,0,0,0,0,40000,QMD,PHY
43028,50,0.04,0.07,19,0,4000,0,0,0,36000,0,0,0,0,40000,IGN,AAA
57165,50,0.01,0.17,30,0,4000,0,0,0,36000,0,0,0,0,40000,QMD,AAA
34783,50,0.03,0.35,32,0,4000,0,0,0,36000,0,0,0,0,40000,QMD,AAA
35576,50,0.13,2,25,0,36000,0,0,0,4000,0,0,0,0,40000,QMD,AAA
31901,980,0.02,1.23,28,0,0,0,9000,0,21000,0,0,0,0,30000,IGN,AAA
67219,50,0.05,0.56,58,3500,10500,0,0,0,21000,0,0,0,0,35000,QMD,PHY
75903,50,0.03,1.08,39,0,12000,0,0,0,28000,0,0,0,0,40000,VA,IAA
14730,3.4,0.05,0.52,18.3,0,13500,0,0,0,16500,0,0,0,0,30000,QMD,PHY
66011,790,0.02,1.57,37,15000,0,5000,0,0,30000,0,0,0,0,50000,IGN,AAA
18855,101.5,0.22,1.32,8,0,15000,0,0,0,35000,0,0,0,0,50000,QMD,PHY
12339,7.2,0.09,0.38,47.6,0,9000,0,0,0,21000,0,0,0,0,30000,QMD,PTS
37580,50,0.22,0.59,49,0,10500,0,0,0,19500,0,0,0,0,30000,QMD,PHY
32765,50,0.02,0.31,13,0,7000,0,0,0,63000,0,0,0,0,70000,IGN,AAA
85654,50,0.05,0.41,48,0,24000,0,0,0,16000,0,0,0,0,40000,QMD,PHY
64998,50,0.33,1,5,7000,2000,0,0,0,1000,0,0,0,0,10000,QMD,PHY
15561,65.2,0.2,0.41,39,0,13500,0,0,0,16500,0,0,0,0,30000,QMD,PHY
82542,1010,0.01,0.28,300,9000,6000,3000,0,0,12000,0,0,0,0,30000,IGN,AAA
41950,130,0.06,1.2,19,0,25000,0,0,0,25000,0,0,0,0,50000,VA,AAA
33275,780,0.36,2.93,310,21000,21000,0,0,0,28000,0,0,0,0,70000,QMD,AAA
65731,270,0.52,1.25,35,4000,20000,0,0,0,16000,0,0,0,0,40000,QMD,PHY
40668,50,0.1,1.9,62,0,28000,0,0,0,12000,0,0,0,0,40000,QMD,PHY
38043,1030,0.06,0.25,50,0,0,0,0,6000,54000,0,0,0,0,60000,QMD,AAA
37939,220,0.03,0.09,74,0,3000,1500,0,0,25500,0,0,0,0,30000,QMD,AAA
25074,545,0.03,0.47,94,4000,0,4000,0,0,32000,0,0,0,0,40000,IGN,AAA
33239,50,0.2,2.68,48,25000,25000,0,0,0,0,0,0,0,0,50000,QMD,AAA
44054,50,0.31,0.32,27,0,12000,0,0,0,18000,0,0,0,0,30000,QMD,PHY
68353,50,0.03,0.39,17,0,12000,0,0,0,18000,0,0,0,0,30000,VA,IAA
76469,50,0.04,0.98,95,6000,4000,0,0,0,10000,0,0,0,0,20000,VA,PRO
65677,50,0.09,1.32,38,2000,20000,0,0,0,18000,0,0,0,0,40000,QMD,PHY
80492,487.8,0.03,0.14,45.36,10000,10000,0,0,0,80000,0,0,0,0,100000,QMD,UAL
28820,50,0.05,0.4,115,0,9000,0,0,0,21000,0,0,0,0,30000,IGN,AAA
80608,5.25,0.01,0.06,2.15,0,0,0,0,0,40000,0,0,0,0,40000,INTR,PHY
29829,52,0.01,1.09,22,5000,15000,0,0,0,30000,0,0,0,0,50000,IGN,IAA
53782,280,0.33,1.27,92,4000,24000,0,0,0,12000,0,0,0,0,40000,VA,IAA
33220,50,0.12,2.63,5,10000,35000,0,0,0,5000,0,0,0,0,50000,QMD,AAA
64950,50,0.08,0.72,5,18000,9000,0,0,0,3000,0,0,0,0,30000,QMD,PHY
34694,50,0.03,0.81,64,0,8000,0,0,0,12000,0,0,0,0,20000,IGN,IAA
37218,50,0.05,0.37,75,0,18000,0,0,0,42000,0,0,0,0,60000,IGN,AAA
26932,50,0.02,0.51,61,0,18000,0,0,0,22000,0,0,0,0,40000,IGN,IAA
84884,160,0.01,0.57,26,0,15000,0,0,0,15000,0,0,0,0,30000,IGN,IAA
70614,2750,0.03,1.26,36,15000,0,0,0,0,45000,0,0,0,0,60000,QMD,PHY
80405,10.31,0.09,0.2,18.88,0,14000,0,0,0,56000,0,0,0,0,70000,QMD,PHY
53784,50,0.04,2.12,47,0,42000,0,0,0,18000,0,0,0,0,60000,VA,IAA
76064,190,0.09,0.48,135,0,8000,0,0,0,32000,0,0,0,0,40000,QMD,AAA
52967,50,0.07,1.52,91,21000,6000,0,0,0,3000,0,0,0,0,30000,VA,PRO
53256,50,0.01,0.91,5,0,16000,0,0,0,24000,0,0,0,0,40000,VA,AAA
28430,160,0.03,1.32,10,3000,9000,0,0,0,18000,0,0,0,0,30000,VA,AAA
35521,280,0.04,1.8,62,12000,18000,0,0,0,30000,0,0,0,0,60000,IGN,AAA
58063,50,0.09,0.8,35,0,24000,0,0,0,16000,0,0,0,0,40000,QMD,PHY
69864,50,0.05,0.84,34,4000,4000,0,0,0,2000,0,0,0,0,10000,VA,PRO
69244,50,0.11,1.19,24,0,9000,0,0,0,21000,0,0,0,0,30000,QMD,AAA
28489,450,0.06,0.74,27,6000,6000,0,0,0,8000,0,0,0,0,20000,VA,AAA
14141,11.2,0.02,0.11,10.5,0,2250,0,0,0,12750,0,0,0,0,15000,QMD,PHY
53027,50,0.11,0.44,36,0,12000,0,0,0,28000,0,0,0,0,40000,VA,PRO
29571,25,0.01,0.63,43,0,24000,0,0,0,6000,0,0,0,0,30000,VA,IAA
14667,11,0.15,0.55,26.5,0,22000,0,0,0,18000,0,0,0,0,40000,QMD,PHY
12355,4.8,0.08,0.66,89.3,0,10500,0,0,0,18000,0,1500,0,0,30000,QMD,PTS
13362,125,1.08,0.3,69.9,0,8750,0,0,0,26250,0,0,0,0,35000,QMD,PHY
83053,230,0.03,1.15,59,5000,0,0,0,0,0,0,0,0,0,5000,VA,PRO
84075,50,0.07,0.95,18,12000,6000,0,0,0,2000,0,0,0,0,20000,VA,PRO
29547,25,0.04,0.45,62.5,0,16000,0,0,0,24000,0,0,0,0,40000,IGN,IAA
60830,50,0.06,0.96,54,4000,28000,0,0,0,8000,0,0,0,0,40000,VA,PRO
72243,50,0.08,0.69,155,0,10000,0,0,0,10000,0,0,0,0,20000,QMD,AAA
33891,50,0.04,0.74,140,0,22500,0,0,0,7500,0,0,0,0,30000,QMD,PHY
23775,76.3,0.02,0.1,12.95,0,2500,0,0,0,22500,0,0,0,0,25000,QMD,UAL
83056,50,0.07,1.24,42,6300,700,0,0,0,0,0,0,0,0,7000,VA,PRO
37885,870,0.02,0.27,31,0,10000,0,0,5000,35000,0,0,0,0,50000,IGN,AAA
57101,50,0.01,0.76,230,0,20000,0,0,0,30000,0,0,0,0,50000,IGN,IAA
34151,170,0.04,0.98,37,0,0,8000,2000,0,30000,0,0,0,0,40000,IGN,AAA
85514,1670,0.52,0.51,87,0,10000,0,0,0,40000,0,0,0,0,50000,QMD,PHY
47914,50,0.02,1.6,73,4000,16000,0,0,0,20000,0,0,0,0,40000,IGN,AAA
18135,626,0.06,0.44,12.55,3000,15000,0,0,0,42000,0,0,0,0,60000,HBX,IAA
58468,50,0.02,0.08,5,0,8000,0,0,0,2000,0,0,0,0,10000,IGN,PRO
32504,310,0.04,0.86,245,0,12000,0,0,0,18000,0,0,0,0,30000,QMD,IAA
63600,180,0.11,1.28,11,0,24000,0,0,0,6000,0,0,0,0,30000,VA,IAA
80629,9.09,0.07,0.85,34.75,0,32000,0,0,0,48000,0,0,0,0,80000,QMD,PHY
64931,150,0.17,0.6,25,3000,16500,0,0,0,10500,0,0,0,0,30000,QMD,PHY
79179,11.43,0.02,0.08,1.37,0,0,0,0,0,40000,0,0,0,0,40000,BIGD,PHY
17061,23.2,0.03,0.08,9,0,3000,0,0,0,7000,0,0,0,0,10000,QMD,PHY
30882,50,0.07,0.33,125,0,4000,0,0,0,6000,0,0,0,0,10000,IGN,PHY
69931,350,0.28,1.17,67,0,16000,0,0,0,24000,0,0,0,0,40000,QMD,PHY
36570,50,0.07,0.8,120,0,9000,0,0,0,21000,0,0,0,0,30000,QMD,PHY
79599,24.74,0.02,0.31,6.92,15000,1500,0,0,0,12000,0,0,0,1500,30000,QMD,AAA
12894,8.5,0.1,0.28,32,0,15000,0,0,0,14400,0,600,0,0,30000,QMD,PHY
68160,360,0.01,0.77,58,10500,3500,0,0,0,21000,0,0,0,0,35000,IGN,AAA
64951,50,0.12,0.67,5,0,20000,0,0,0,20000,0,0,0,0,40000,QMD,PHY
77610,62.54,0.16,0.7,10.16,0,9000,0,0,0,51000,0,0,0,0,60000,QMD,PRO
17336,384,0.65,0.1,6.29,0,3500,0,0,0,31500,0,0,0,0,35000,QMD,PHY
30470,1240,0.1,1.16,59,8000,0,0,0,0,12000,0,0,0,0,20000,VA,IAA
38054,350,0.01,0.18,29,0,0,0,0,6000,54000,0,0,0,0,60000,QMD,AAA
18132,229,0.05,0.33,13.1,4200,13800,0,0,0,42000,0,0,0,0,60000,QMD,IAA
34710,1080,0.11,1.31,200,0,16000,0,0,0,24000,0,0,0,0,40000,QMD,PRO
67510,50,0.04,1.36,98,2000,6000,0,0,0,2000,0,0,0,0,10000,IGN,IAA
40674,50,0.03,0.26,16,6300,700,0,0,0,0,0,0,0,0,7000,VA,PRO
24510,6.18,0.05,0.08,7.99,0,2000,0,0,0,38000,0,0,0,0,40000,QMD,AAA
79985,84.13,0.01,0.02,4.17,0,0,0,0,0,10000,0,0,0,0,10000,INTR,PRO
74351,50,0.1,2.26,5,8000,24000,0,0,0,8000,0,0,0,0,40000,IGN,IAA
39045,50,0.19,1.67,30,0,36000,0,0,0,4000,0,0,0,0,40000,QMD,PHY
40634,50,0.03,0.33,23,6000,14000,0,0,0,0,0,0,0,0,20000,VA,PRO
13320,13.4,0.09,0.25,49.9,0,1000,0,0,0,19000,0,0,0,0,20000,QMD,PHY
85661,50,0.12,0.7,61,0,22500,0,0,0,7500,0,0,0,0,30000,QMD,PHY
78970,3.89,0.01,0.08,6.26,0,500,0,0,0,9500,0,0,0,0,10000,QMD,PRO
67181,250,0.37,1.14,39,0,10000,0,0,0,40000,0,0,0,0,50000,QMD,PHY
85487,410,0.16,0.42,48,0,12000,0,0,0,18000,0,0,0,0,30000,QMD,PHY
13371,128.5,0.15,0.33,33.2,0,5250,0,0,0,29750,0,0,0,0,35000,QMD,PHY
37584,50,0.27,0.79,24,0,9000,0,0,0,21000,0,0,0,0,30000,QMD,PHY
47985,240,0.04,1.11,46,18000,0,0,0,0,42000,0,0,0,0,60000,QMD,AAA
18499,43.2,0.05,0.13,7.72,0,10500,0,0,0,18600,0,900,0,0,30000,FLT,PHY
44552,50,0.04,0.74,92,0,14000,0,0,0,6000,0,0,0,0,20000,VA,PRO
69863,50,0.03,0.65,26,9000,1000,0,0,0,0,0,0,0,0,10000,VA,PRO
46213,50,0.04,0.66,63,0,18000,0,0,0,12000,0,0,0,0,30000,QMD,PHY
30103,50,0.07,0.41,72,0,12000,0,0,0,18000,0,0,0,0,30000,QMD,AAA
13855,545,0.02,0.25,168,0,4500,0,0,0,40500,0,0,0,0,45000,QMD,IAA
35231,50,0.07,0.52,125,0,20000,0,0,0,20000,0,0,0,0,40000,QMD,AAA
86441,50,0.05,1.01,64,0,14000,0,0,0,6000,0,0,0,0,20000,VA,PRO
57552,50,0.02,1.5,19,0,25000,0,0,0,25000,0,0,0,0,50000,VA,IAA
28636,50,0.04,1.28,245,8000,6000,0,0,0,6000,0,0,0,0,20000,VA,PRO
48398,50,0.03,0.67,30,0,24000,0,0,0,6000,0,0,0,0,30000,VA,IAA
26897,50,0.03,0.42,180,0,21000,0,0,0,39000,0,0,0,0,60000,IGN,IAA
58531,50,0.03,0.06,5,0,0,0,0,0,10000,0,0,0,0,10000,HBX,PHY
33776,50,0.32,3.71,27,0,80000,0,0,0,20000,0,0,0,0,100000,VA,PRO
30524,150,0.04,0.75,120,0,12000,0,0,0,28000,0,0,0,0,40000,VA,AAA
12154,3.2,0.24,0.34,14.65,0,11400,0,0,0,18000,0,600,0,0,30000,QMD,PTS
70595,440,0.07,2.44,37,0,0,24000,0,0,36000,0,0,0,0,60000,QMD,PHY
28950,25,0.07,0.25,28,0,9000,0,0,0,21000,0,0,0,0,30000,VA,IAA
13480,59.9,0.2,0.47,22.1,0,6000,0,0,0,14000,0,0,0,0,20000,QMD,PHY
33287,50,0.12,2.11,26,6000,12000,6000,0,0,6000,0,0,0,0,30000,QMD,AAA
34095,1570,0.04,0.95,1940,0,4000,0,0,0,36000,0,0,0,0,40000,IGN,AAA
55659,50,0.01,0.22,5,0,3000,0,0,0,27000,0,0,0,0,30000,IGN,AAA
24313,6.29,0.08,0.2,12.45,0,4000,0,0,0,36000,0,0,0,0,40000,QMD,PHY
12187,9.5,0.45,0.59,13.9,0,5000,0,0,0,14000,0,1000,0,0,20000,QMD,PHY
12343,15.6,0.07,0.43,13.75,0,4000,0,0,0,16000,0,0,0,0,20000,QMD,PTS
66039,50,0.18,3.12,23.5,0,30000,0,0,0,20000,0,0,0,0,50000,QMD,AAA
79830,42.12,0.01,0.02,1.89,0,0,0,0,0,10000,0,0,0,0,10000,QMD,PHY
69793,50,0.12,1.11,24,10000,0,0,0,0,0,0,0,0,0,10000,VA,PRO
60704,50,0.03,0.01,16,0,0,0,0,0,10000,0,0,0,0,10000,IGN,AAA
76374,50,0.12,3.17,37,4000,28000,0,0,0,8000,0,0,0,0,40000,VA,IAA
55593,50,0.02,0.36,14,0,12000,0,0,0,28000,0,0,0,0,40000,IGN,AAA
68698,790,0.03,0.4,30,4000,0,0,0,12000,24000,0,0,0,0,40000,IGN,AAA
17328,1030,0.22,0.18,27.6,0,6000,0,0,0,23400,0,600,0,0,30000,QMD,PHY
12473,2.9,0.09,0.4,6.24,0,2600,0,0,0,17000,0,400,0,0,20000,QMD,PTS
37421,50,0.22,0.43,42,0,14000,0,0,0,6000,0,0,0,0,20000,QMD,PHY
69239,170,0.09,1.02,42,7000,3500,0,0,3500,21000,0,0,0,0,35000,QMD,AAA
41968,50,0.32,0.81,32,0,12000,0,0,0,18000,0,0,0,0,30000,VA,IAA
75935,880,0.03,2.47,18,0,16500,0,0,0,38500,0,0,0,0,55000,VA,AAA
33779,220,0.42,2.79,26,16000,40000,0,0,0,24000,0,0,0,0,80000,VA,PRO
18875,7.5,0.04,0.14,12.27,0,2000,0,0,0,38000,0,0,0,0,40000,QMD,PHY
29464,50,0.01,0.42,94,4500,3000,0,0,0,22500,0,0,0,0,30000,IGN,AAA
84962,990,0.06,2.53,24,20000,30000,0,0,0,0,0,0,0,0,50000,VA,PHY
45448,4600,0.15,1.17,13,0,12000,3000,0,0,15000,0,0,0,0,30000,QMD,PHY
46987,50,0.05,0.83,130,0,18000,0,0,0,12000,0,0,0,0,30000,IGN,IAA
77873,12.65,0.03,0.22,22.25,3500,3500,0,0,0,63000,0,0,0,0,70000,QMD,PHY
40283,750,0.07,0.7,27,0,12000,0,0,0,18000,0,0,0,0,30000,QMD,PHY
33757,50,0.44,4.03,5,0,90000,0,0,0,10000,0,0,0,0,100000,VA,IAA
30436,50,0.04,1.55,205,8000,4000,0,0,0,28000,0,0,0,0,40000,VA,IAA
62839,130,0.52,2.02,5,16000,24000,0,0,0,0,0,0,0,0,40000,IGN,AAA
14587,76.8,0.11,0.45,19.75,0,6000,0,0,0,54000,0,0,0,0,60000,IGN,AAA
65654,50,0.02,0.98,24,0,26250,0,0,0,8750,0,0,0,0,35000,IGN,PRO
64944,50,0.16,0.69,5,0,30000,0,0,0,20000,0,0,0,0,50000,QMD,PHY
60015,50,0.03,0.58,49,6000,4000,0,0,0,0,0,0,0,0,10000,VA,PRO
80363,9.79,0.02,0.16,38.35,0,24000,0,0,0,56000,0,0,0,0,80000,QMD,PHY
83707,260,0.03,0.44,195,0,18000,0,0,0,12000,0,0,0,0,30000,QMD,PHY
41993,50,0.05,1.06,34,0,35000,0,0,0,15000,0,0,0,0,50000,QMD,AAA
68872,50,0.05,0.32,120,0,14000,0,0,0,6000,0,0,0,0,20000,QMD,PHY
36877,50,0.08,0.44,13,0,10000,0,0,0,10000,0,0,0,0,20000,QMD,PHY
62392,50,0.36,0.57,31,0,18000,0,0,0,12000,0,0,0,0,30000,QMD,PHY
74355,120,0.11,3.4,40,0,48000,0,0,0,12000,0,0,0,0,60000,IGN,IAA
31223,50,0.09,3.14,21,24000,0,0,0,0,6000,0,0,0,0,30000,VA,IAA
78382,52.55,0.01,0.09,6.61,0,0,0,0,0,10000,0,0,0,0,10000,QMD,PRO
28831,50,0.01,0.01,5,0,5000,0,0,0,45000,0,0,0,0,50000,IGN,AAA
57211,50,0.07,0.51,46,0,12000,0,0,0,8000,0,0,0,0,20000,QMD,PHY
29878,50,0.06,1.01,13,0,24000,0,0,0,16000,0,0,0,0,40000,IGN,IAA
67574,50,0.06,0.12,5,0,0,0,0,0,30000,0,0,0,0,30000,QMD,PHY
55393,730,0.28,0.85,21,8000,4000,4000,0,0,24000,0,0,0,0,40000,QMD,AAA
45833,50,0.01,1.09,65,0,16000,0,0,0,64000,0,0,0,0,80000,IGN,IAA
69970,50,0.06,0.86,19,2000,16000,0,0,0,2000,0,0,0,0,20000,VA,PRO
37918,50,0.08,0.59,67,0,12000,0,0,0,18000,0,0,0,0,30000,IGN,AAA
44058,100,0.78,0.43,30,0,16000,0,0,0,24000,0,0,0,0,40000,QMD,PHY
48003,50,0.06,2.68,50,28000,12000,0,0,0,0,0,0,0,0,40000,IGN,IAA
63737,50,0.23,0.73,140,0,21000,0,0,0,9000,0,0,0,0,30000,QMD,PHY
29611,53,0.05,0.59,105,0,24000,0,0,0,16000,0,0,0,0,40000,VA,PRO
68753,210,0.61,3.78,5,0,50000,0,0,0,0,0,0,0,0,50000,QMD,PHY
47020,50,0.07,0.39,86,0,13776,0,0,0,26224,0,0,0,0,40000,VA,PRO
13356,151.5,18.5,0.29,97.2,0,14000,0,0,0,26000,0,0,0,0,40000,QMD,PHY
72823,50,0.05,0.45,19,0,3000,0,0,0,27000,0,0,0,0,30000,QMD,PHY
39762,100,0.08,1.14,28,0,40000,0,0,0,10000,0,0,0,0,50000,QMD,PHY
32778,50,0.03,0.04,16,0,5000,0,0,0,45000,0,0,0,0,50000,IGN,AAA
46717,50,0.26,0.11,5,0,4000,0,0,0,36000,0,0,0,0,40000,QMD,PHY
33445,50,0.02,0.52,47,6000,0,0,0,0,14000,0,0,0,0,20000,VA,PRO
34235,260,0.31,4.25,56,28000,0,12000,0,0,0,0,0,0,0,40000,QMD,PHY
34683,50,0.03,0.33,67,0,14000,0,0,0,6000,0,0,0,0,20000,IGN,IAA
12532,18.5,0.07,0.07,15.15,0,8000,0,0,0,32000,0,0,0,0,40000,QMD,PHY
53892,50,0.04,0.79,115,12000,18000,0,0,0,0,0,0,0,0,30000,VA,PRO
12295,44.7,0.17,0.36,23.7,0,12000,0,0,0,17400,0,600,0,0,30000,QMD,PHY
50075,380,0.01,1.19,44,15000,0,0,0,0,35000,0,0,0,0,50000,VA,IAA
18797,63.5,0.13,0.47,60.7,0,2500,0,0,0,47500,0,0,0,0,50000,QMD,PHY
29578,82,0.05,0.8,41,0,26000,0,0,0,14000,0,0,0,0,40000,VA,IAA
77673,80.3,0.57,0.85,34.33,0,6000,0,0,0,24000,0,0,0,0,30000,QMD,PHY
58539,50,0.04,0.04,5,0,0,0,0,0,20000,0,0,0,0,20000,HBX,PHY
30820,50,0.08,1.04,115,0,14000,0,0,0,6000,0,0,0,0,20000,IGN,PHY
32330,50,0.03,1.57,170,4000,24000,0,0,0,12000,0,0,0,0,40000,VA,AAA
30018,1630,0.21,0.56,86,0,10000,0,0,0,40000,0,0,0,0,50000,QMD,AAA
54963,50,0.04,1.3,5,0,28000,0,0,0,12000,0,0,0,0,40000,VA,IAA
33878,50,0.04,0.94,105,6000,15000,0,0,0,9000,0,0,0,0,30000,QMD,PHY
24291,293,0.08,0.45,21.7,7000,14000,0,0,0,49000,0,0,0,0,70000,IGN,AAA
12628,3.3,0.04,0.08,4.89,0,3000,0,0,0,7000,0,0,0,0,10000,QMD,PTS
49292,50,0.02,0.9,38,0,27000,0,0,0,3000,0,0,0,0,30000,QMD,PHY
76401,50,0.14,2.56,44,10000,0,0,0,0,0,0,0,0,0,10000,VA,PRO
83994,1400,0.02,0.48,16,0,0,0,0,9000,21000,0,0,0,0,30000,IGN,AAA
84129,50,0.19,1.15,15,18000,2000,0,0,0,0,0,0,0,0,20000,VA,IAA
85413,50,0.1,1.67,25,12000,8000,0,0,0,0,0,0,0,0,20000,VA,IAA
85694,50,0.46,0.83,47,0,12000,0,0,0,8000,0,0,0,0,20000,QMD,PHY
70583,50,0.11,2.97,22,12000,12000,0,0,0,36000,0,0,0,0,60000,QMD,PHY
34757,50,0.03,0.04,14,0,8000,0,0,0,32000,0,0,0,0,40000,QMD,AAA
37052,50,0.16,0.45,22,0,9000,0,0,0,21000,0,0,0,0,30000,QMD,PHY
24454,62,0.01,0.04,99.1,0,0,0,0,0,7000,0,0,0,0,7000,QMD,AAA
54648,50,0.01,0.1,11,0,2000,0,0,2000,16000,0,0,0,0,20000,QMD,AAA
29511,50,0.03,0.69,51,0,12000,0,0,0,28000,0,0,0,0,40000,IGN,IAA
32005,50,0.09,2.64,18,0,28000,0,0,0,12000,0,0,0,0,40000,VA,IAA
23492,5.77,0.02,0.04,2.91,0,3000,0,0,0,297000,0,0,0,0,300000,IGN,PHY
13738,8.1,0.04,0.04,6.96,0,3000,0,0,0,27000,0,0,0,0,30000,QMD,AAA
43995,50,0.12,0.21,36,0,10000,0,0,0,40000,0,0,0,0,50000,HBX,PHY
72744,50,0.03,2.21,36,0,32000,0,0,0,8000,0,0,0,0,40000,IGN,IAA
29570,25,0.03,0.68,45,0,24000,0,0,0,6000,0,0,0,0,30000,VA,IAA
14054,18.3,0.06,0.51,34.9,0,6750,0,0,0,38250,0,0,0,0,45000,QMD,PHY
37944,50,0.08,0.49,54,0,9000,0,0,0,21000,0,0,0,0,30000,QMD,AAA
16680,8.9,0.4,0.09,14.65,0,3600,0,0,0,16000,0,400,0,0,20000,QMD,PHY
67021,50,0.03,1.09,43,12000,12000,0,0,0,36000,0,0,0,0,60000,IGN,AAA
18106,16.3,0.03,0.11,27.1,0,0,3000,0,0,27000,0,0,0,0,30000,QMD,IAA
17345,40.6,0.05,0.12,4.66,0,4000,0,0,0,16000,0,0,0,0,20000,QMD,PHY
84065,170,0.02,0.63,24,10000,6000,0,0,0,4000,0,0,0,0,20000,VA,PRO
69219,230,0.11,1.23,22,0,12000,0,0,0,28000,0,0,0,0,40000,QMD,AAA
29088,50,0.02,1.7,26,5000,25000,0,0,0,20000,0,0,0,0,50000,IGN,AAA
50104,50,0.03,0.43,87,0,18000,0,0,0,42000,0,0,0,0,60000,VA,IAA
31627,180,0.06,0.41,81,0,10000,0,0,0,10000,0,0,0,0,20000,VA,PRO
85614,50,0.16,0.79,36,0,12000,0,0,0,8000,0,0,0,0,20000,QMD,PHY
53017,50,0.04,0.56,32,11250,6250,0,0,0,7500,0,0,0,0,25000,VA,PRO
50041,590,0.02,0.82,40,20000,0,0,0,0,20000,0,0,0,0,40000,VA,AAA
69382,50,0.08,0.83,980,0,12500,0,0,0,12500,0,0,0,0,25000,QMD,PHY
28941,25,0.03,0.04,27,0,4000,0,0,0,36000,0,0,0,0,40000,IGN,AAA
13189,6.5,0.04,0.33,86.6,0,12000,0,0,0,27200,0,800,0,0,40000,QMD,PHY
40710,170,0.47,2.42,800,15000,25000,0,0,0,10000,0,0,0,0,50000,QMD,AAA
33761,550,0.89,6.95,10,28000,70000,0,0,0,42000,0,0,0,0,140000,VA,IAA
14556,588,0.03,0.19,38.3,0,4000,0,0,0,76000,0,0,0,0,80000,IGN,AAA
83631,110,0.17,2.18,24,0,26000,0,0,0,14000,0,0,0,0,40000,VA,IAA
79213,48.07,0.01,0.01,1.52,0,0,0,0,0,10000,0,0,0,0,10000,VA,UAL
80794,56.2,0.04,0.62,17.91,0,10000,0,0,0,90000,0,0,0,0,100000,QMD,UAL
23281,19.25,0.17,0.32,34.1,0,10400,0,0,0,69600,0,0,0,0,80000,QMD,PHY
76524,50,0.02,0.88,67,0,20000,0,0,0,20000,0,0,0,0,40000,QMD,PHY
79079,269.2,0.02,0.15,11.39,7000,3500,0,0,0,59500,0,0,0,0,70000,QMD,PHY
41947,360,0.13,1.58,13,5000,20000,0,0,0,25000,0,0,0,0,50000,VA,AAA
35579,50,0.08,0.92,5,0,36000,0,0,0,4000,0,0,0,0,40000,VA,PRO
31670,50,0.01,0.01,5,0,3000,0,0,0,27000,0,0,0,0,30000,QMD,PHY
57343,50,0.01,0.01,28,0,1000,0,0,0,9000,0,0,0,0,10000,IGN,AAA
28903,64,0.04,0.18,19,0,1500,0,0,0,28500,0,0,0,0,30000,QMD,PHY
84136,110,0.03,0.52,24,4000,1000,0,0,0,0,0,0,0,0,5000,VA,PRO
53363,50,0.03,1.25,110,0,12000,0,0,0,18000,0,0,0,0,30000,QMD,PHY
29997,50,0.01,0.66,52,0,16000,0,0,0,24000,0,0,0,0,40000,VA,IAA
12399,4.9,0.08,0.34,243,0,9000,0,0,0,18900,0,2100,0,0,30000,QMD,PTS
24693,22,0.01,0.01,1.76,0,0,0,0,0,1000,0,0,0,0,1000,FLT,UAL
23977,9.32,0.12,0.12,52.9,0,7000,0,0,0,28000,0,0,0,0,35000,QMD,PHY
78077,24.4,0.03,0.12,4.72,0,0,0,0,0,20000,0,0,0,0,20000,QMD,PRO
62829,50,0.06,1.93,15,0,36000,0,0,0,4000,0,0,0,0,40000,IGN,AAA
12442,3.1,0.03,0.15,3.93,0,4500,0,0,0,10200,0,300,0,0,15000,QMD,PTS
35006,50,0.01,0.99,23,0,28000,0,0,0,12000,0,0,0,0,40000,IGN,IAA
74417,50,0.02,0.99,19,0,10000,0,0,0,40000,0,0,0,0,50000,IGN,AAA
32052,50,0.07,1.3,49,2000,12000,0,0,0,6000,0,0,0,0,20000,VA,PRO
57050,170,0.02,1.12,36,15000,10000,0,0,0,25000,0,0,0,0,50000,IGN,AAA
42290,50,0.01,0.11,5,0,30000,0,0,0,20000,0,0,0,0,50000,IGN,IAA
16008,13.3,0.06,0.11,19.5,0,2000,0,0,0,18000,0,0,0,0,20000,QMD,PHY
83634,50,0.11,1.42,39,0,28000,0,0,0,12000,0,0,0,0,40000,VA,IAA
46839,430,0.01,1.11,195,16000,0,0,0,0,24000,0,0,0,0,40000,IGN,AAA
29458,50,0.03,0.4,60,6000,3000,3000,0,0,18000,0,0,0,0,30000,IGN,AAA
25009,25,0.01,0.19,449,0,10500,0,0,0,19500,0,0,0,0,30000,IGN,PRO
84077,50,0.06,1.06,14,10000,6000,0,0,0,4000,0,0,0,0,20000,VA,PRO
51908,50,0.03,0.95,17,0,24000,0,0,0,6000,0,0,0,0,30000,VA,IAA
78287,73.7,0.05,0.05,8.9,0,0,0,0,0,5000,0,0,0,0,5000,QMD,IAA
37322,50,0.12,0.63,16,0,20000,0,0,0,30000,0,0,0,0,50000,QMD,PHY
37643,50,0.12,0.34,33,0,6000,0,0,0,14000,0,0,0,0,20000,QMD,PHY
12562,8.4,0.07,0.14,13.7,0,4500,0,0,0,10500,0,0,0,0,15000,QMD,PTS
23328,14.4,0.01,0.06,6.41,0,2000,0,0,0,38000,0,0,0,0,40000,IGN,AAA
24512,6.62,0.03,0.06,12.1,0,2000,0,0,0,38000,0,0,0,0,40000,QMD,AAA
35012,50,0.02,1.46,32,0,36000,0,0,0,4000,0,0,0,0,40000,IGN,IAA
54267,230,0.1,0.61,5,0,8000,0,0,0,12000,0,0,0,0,20000,VA,AAA
